game_id,team_id,hits,blocked_shots,giveaways,takeaways,pims,powerPlayGoals
2025020001,13,28,15,17,3,11,1
2025020001,16,27,16,19,4,9,0
2025020002,3,34,17,17,4,2,0
2025020002,5,22,20,18,1,4,0
2025020003,21,25,21,17,2,13,1
2025020003,26,33,14,19,7,17,1
2025020004,8,27,13,13,3,4,0
2025020004,10,35,17,12,2,4,0
2025020005,6,33,23,19,3,10,1
2025020005,15,35,11,14,3,4,0
2025020006,20,35,17,20,4,18,1
2025020006,22,23,18,18,3,8,2
2025020007,26,37,18,21,3,13,1
2025020007,54,36,14,17,8,6,2
2025020008,6,25,16,15,5,10,1
2025020008,16,15,6,15,7,14,0
2025020009,3,28,16,14,5,10,0
2025020009,7,24,12,16,3,8,0
2025020010,8,25,14,14,3,8,1
2025020010,17,34,13,17,4,6,1
2025020011,9,37,10,12,2,20,1
2025020011,14,40,18,16,4,22,2
2025020012,4,17,10,22,4,10,0
2025020012,13,27,5,11,2,4,1
2025020013,2,22,13,16,4,25,0
2025020013,5,23,12,21,6,8,2
2025020014,1,25,19,27,4,6,0
2025020014,12,27,13,20,6,4,1
2025020015,19,40,17,12,5,6,0
2025020015,30,19,16,9,3,4,1
2025020016,18,22,19,17,8,4,1
2025020016,29,28,15,18,5,10,0
2025020017,25,21,18,8,2,10,1
2025020017,52,33,8,22,9,14,0
2025020018,21,20,13,22,4,6,1
2025020018,68,19,21,36,0,8,1
2025020019,20,35,7,16,3,10,0
2025020019,23,27,18,17,5,8,0
2025020020,28,22,14,23,5,8,1
2025020020,54,22,17,17,1,8,1
2025020021,24,24,7,12,2,4,0
2025020021,55,29,26,22,7,2,0
2025020022,26,23,11,18,8,13,0
2025020022,52,26,28,18,5,15,1
2025020023,19,29,17,13,8,17,1
2025020023,20,22,21,11,7,13,1
2025020024,6,25,17,15,2,8,0
2025020024,7,32,16,17,1,8,0
2025020025,10,22,16,13,2,10,0
2025020025,17,15,14,13,4,6,1
2025020026,1,27,24,14,6,6,0
2025020026,14,25,17,16,3,8,0
2025020027,9,27,17,22,13,10,0
2025020027,13,28,7,16,5,4,3
2025020028,2,33,22,19,3,4,2
2025020028,15,23,20,17,6,4,0
2025020029,3,30,12,18,8,8,2
2025020029,5,14,18,17,6,6,0
2025020030,4,27,21,17,5,10,1
2025020030,12,24,13,10,2,8,0
2025020031,8,16,8,14,4,17,2
2025020031,16,22,16,14,8,39,1
2025020032,18,20,12,25,7,12,0
2025020032,68,21,20,20,6,14,0
2025020033,29,16,16,11,6,12,1
2025020033,30,18,19,13,6,6,4
2025020034,21,19,8,15,4,9,1
2025020034,25,17,25,22,3,15,0
2025020035,22,22,13,14,2,6,0
2025020035,23,26,14,21,3,12,0
2025020036,24,24,12,14,3,13,2
2025020036,28,20,18,19,3,13,2
2025020037,54,22,14,20,3,11,1
2025020037,55,30,20,17,2,11,1
2025020038,3,18,15,14,6,2,0
2025020038,15,26,18,17,3,4,0
2025020039,7,11,11,20,7,10,0
2025020039,21,20,21,16,5,6,0
2025020040,6,31,12,16,6,8,0
2025020040,14,21,14,20,9,14,0
2025020041,9,29,15,17,3,10,1
2025020041,18,20,14,12,3,10,0
2025020042,2,14,13,12,3,6,0
2025020042,52,16,24,13,4,8,1
2025020043,10,22,10,22,7,8,0
2025020043,17,18,20,16,11,6,1
2025020044,4,8,14,13,4,10,0
2025020044,13,24,15,17,2,10,1
2025020045,1,15,18,18,5,10,2
2025020045,29,18,12,20,3,4,0
2025020046,19,22,17,16,8,2,1
2025020046,23,29,17,23,6,6,0
2025020047,26,24,10,22,6,12,1
2025020047,30,23,11,20,9,6,3
2025020048,16,31,14,16,2,6,1
2025020048,68,16,3,17,1,6,0
2025020049,10,21,20,17,4,6,0
2025020049,18,18,11,17,4,6,0
2025020050,8,25,23,13,3,8,0
2025020050,55,32,17,13,5,6,1
2025020051,3,18,11,13,2,0,0
2025020051,22,12,23,18,6,6,0
2025020052,14,8,17,19,2,10,1
2025020052,15,23,8,14,4,8,1
2025020053,20,23,18,11,6,6,0
2025020053,54,26,11,13,6,4,0
2025020054,25,15,17,15,5,25,2
2025020054,30,26,16,11,4,11,2
2025020055,12,13,8,21,5,12,0
2025020055,28,21,18,15,4,8,0
2025020056,5,16,26,12,3,12,0
2025020056,24,25,16,14,1,0,2
2025020057,7,28,20,14,6,12,3
2025020057,9,21,10,13,5,10,1
2025020058,13,32,9,15,2,6,0
2025020058,17,15,21,23,3,4,1
2025020059,16,9,9,23,11,4,1
2025020059,19,28,10,13,1,6,0
2025020060,20,21,14,11,5,21,1
2025020060,68,25,17,10,2,17,0
2025020061,3,22,10,13,6,4,0
2025020061,10,18,13,21,2,6,1
2025020062,8,13,17,12,5,4,0
2025020062,18,16,12,15,4,6,1
2025020063,9,19,18,16,4,6,1
2025020063,55,27,21,17,7,4,1
2025020064,1,22,20,10,4,12,1
2025020064,13,27,18,13,3,8,0
2025020065,2,18,13,11,5,8,1
2025020065,22,7,13,17,5,10,1
2025020066,4,15,16,16,4,2,0
2025020066,52,17,9,14,3,8,1
2025020067,21,13,14,19,6,4,0
2025020067,29,12,20,21,2,2,0
2025020068,23,26,15,11,3,8,2
2025020068,25,21,20,11,4,6,2
2025020069,6,26,20,14,5,12,1
2025020069,54,20,22,13,3,6,2
2025020070,12,19,16,21,4,14,1
2025020070,24,31,16,15,1,10,0
2025020071,5,13,15,15,0,4,1
2025020071,26,23,10,16,3,4,0
2025020072,14,20,13,15,4,6,0
2025020072,17,27,22,16,4,6,0
2025020073,15,23,14,20,6,4,1
2025020073,30,18,17,13,1,10,0
2025020074,16,19,10,13,6,12,1
2025020074,23,26,10,11,2,8,1
2025020075,28,25,12,17,7,18,2
2025020075,68,14,8,17,4,18,1
2025020076,7,23,20,13,4,26,2
2025020076,13,29,17,15,3,12,0
2025020077,2,28,19,13,2,2,0
2025020077,9,29,9,22,4,6,1
2025020078,1,24,15,10,8,6,1
2025020078,22,20,13,23,4,6,0
2025020079,10,29,15,28,2,4,1
2025020079,55,26,19,19,7,8,1
2025020080,3,24,13,11,4,13,1
2025020080,8,16,11,13,4,13,1
2025020081,4,32,16,15,4,9,0
2025020081,30,19,15,14,1,9,0
2025020082,14,14,15,21,3,13,1
2025020082,29,23,18,18,3,17,0
2025020083,19,24,11,13,8,4,0
2025020083,25,31,13,20,3,4,0
2025020084,18,19,7,10,5,11,0
2025020084,52,16,16,10,2,13,2
2025020085,6,24,29,18,1,10,0
2025020085,21,12,17,12,3,4,0
2025020086,12,18,20,16,7,2,0
2025020086,26,29,20,21,4,6,1
2025020087,20,22,10,14,2,16,1
2025020087,54,14,21,19,3,16,3
2025020088,5,11,21,20,4,4,0
2025020088,28,25,14,15,5,2,0
2025020089,15,28,1,18,3,11,1
2025020089,23,22,23,17,5,13,1
2025020090,17,24,11,16,4,2,0
2025020090,22,19,21,19,3,0,0
2025020091,16,26,12,18,5,10,0
2025020091,24,30,9,18,8,4,1
2025020092,6,24,19,18,8,17,1
2025020092,68,23,21,19,3,15,1
2025020093,3,34,21,9,2,6,0
2025020093,30,20,19,11,3,2,0
2025020094,4,20,11,18,3,32,2
2025020094,55,23,11,16,4,28,1
2025020095,7,15,9,15,6,6,0
2025020095,8,22,21,11,3,6,0
2025020096,20,22,11,18,4,6,0
2025020096,52,15,19,19,3,10,1
2025020097,12,15,18,12,1,8,0
2025020097,54,13,20,18,2,8,0
2025020098,1,21,17,25,6,11,1
2025020098,10,22,16,17,7,9,0
2025020099,9,20,9,13,1,6,1
2025020099,22,20,17,17,5,6,2
2025020100,2,18,19,21,4,6,2
2025020100,28,22,6,21,4,6,0
2025020101,5,18,17,16,4,6,2
2025020101,23,26,20,19,2,8,0
2025020102,15,18,16,14,8,4,1
2025020102,55,13,19,15,4,4,0
2025020103,6,23,7,14,11,15,1
2025020103,13,26,16,18,2,19,1
2025020104,19,20,9,12,3,11,1
2025020104,26,13,14,18,7,11,1
2025020105,18,16,11,16,5,20,0
2025020105,24,23,9,13,7,12,0
2025020106,25,21,14,17,5,4,0
2025020106,29,35,5,14,9,4,2
2025020107,21,20,8,17,7,4,0
2025020107,68,28,19,21,4,2,1
2025020108,1,8,19,13,5,6,1
2025020108,30,25,20,9,4,4,0
2025020109,7,19,18,9,3,4,1
2025020109,17,15,15,12,4,10,0
2025020110,8,17,25,13,6,10,1
2025020110,20,23,13,12,3,6,0
2025020111,6,18,15,18,4,11,2
2025020111,24,17,22,19,1,9,1
2025020112,4,21,16,12,4,12,0
2025020112,9,17,16,11,3,8,0
2025020113,14,18,7,12,4,12,0
2025020113,16,18,15,14,2,6,1
2025020114,5,18,19,13,9,8,2
2025020114,13,26,9,9,4,6,2
2025020115,2,14,22,10,6,32,0
2025020115,17,28,11,9,2,16,1
2025020116,3,24,10,11,3,15,1
2025020116,28,26,19,20,1,13,1
2025020117,19,32,5,15,4,12,1
2025020117,68,15,9,16,3,12,2
2025020118,18,21,19,10,8,10,0
2025020118,23,25,20,12,3,6,0
2025020119,25,18,14,15,5,6,2
2025020119,26,14,16,20,5,10,1
2025020120,52,30,14,24,2,12,0
2025020120,55,13,14,15,6,16,0
2025020121,12,19,12,12,4,18,0
2025020121,21,28,12,10,5,14,1
2025020122,8,15,16,14,6,20,0
2025020122,22,15,19,11,3,2,2
2025020123,7,8,21,13,3,10,0
2025020123,10,30,13,18,7,4,1
2025020124,1,22,18,12,5,8,2
2025020124,28,11,21,13,2,10,1
2025020125,15,23,11,18,3,6,2
2025020125,29,25,7,12,4,9,0
2025020126,20,16,10,13,4,21,1
2025020126,52,19,13,9,5,19,2
2025020127,2,24,10,15,3,20,0
2025020127,4,30,16,15,6,18,1
2025020128,6,24,34,16,3,10,0
2025020128,21,15,7,8,8,14,0
2025020129,14,21,15,23,5,11,1
2025020129,24,14,17,10,8,19,0
2025020130,13,24,16,9,7,6,0
2025020130,54,25,21,19,5,8,0
2025020131,30,32,9,20,2,4,1
2025020131,68,12,21,25,5,10,1
2025020132,7,20,15,15,6,21,1
2025020132,10,25,18,9,2,13,0
2025020133,17,18,19,16,3,8,1
2025020133,19,17,18,15,4,6,2
2025020134,5,18,16,20,3,7,1
2025020134,29,24,15,8,8,11,0
2025020135,9,12,23,14,8,12,3
2025020135,15,28,11,12,3,14,0
2025020136,8,16,17,14,2,6,2
2025020136,23,20,15,14,3,6,1
2025020137,18,23,19,15,9,6,0
2025020137,26,10,7,22,5,4,0
2025020138,12,29,9,12,3,8,0
2025020138,25,30,30,17,3,6,2
2025020139,22,15,13,13,7,6,1
2025020139,55,10,19,20,2,4,0
2025020140,1,20,20,15,11,4,0
2025020140,21,22,17,16,7,2,0
2025020141,14,19,14,17,2,11,0
2025020141,54,27,24,15,3,15,0
2025020142,28,22,18,17,5,8,2
2025020142,30,17,12,14,5,4,2
2025020143,52,25,13,16,3,8,1
2025020143,68,9,14,18,4,4,1
2025020144,16,24,8,10,6,6,0
2025020144,26,14,8,16,4,10,0
2025020145,18,29,6,16,4,10,1
2025020145,25,23,14,14,3,4,1
2025020146,3,28,21,9,10,6,0
2025020146,20,18,18,13,4,2,0
2025020147,22,19,13,13,3,4,1
2025020147,23,14,18,17,5,4,1
2025020148,5,9,20,30,4,8,0
2025020148,19,17,11,14,2,2,0
2025020149,6,33,9,13,5,10,0
2025020149,9,19,19,11,2,2,4
2025020150,4,20,14,15,1,48,1
2025020150,5,15,12,18,5,48,0
2025020151,10,18,15,16,8,6,1
2025020151,20,20,10,30,3,6,0
2025020152,7,13,20,11,4,4,0
2025020152,29,23,14,14,6,6,1
2025020153,13,30,22,15,2,15,0
2025020153,24,19,17,16,4,13,1
2025020154,2,13,13,10,5,8,0
2025020154,6,20,14,18,6,10,2
2025020155,12,17,17,19,8,10,1
2025020155,54,22,16,21,5,4,1
2025020156,14,16,15,10,3,10,0
2025020156,18,24,5,14,6,10,1
2025020157,30,28,10,14,6,7,1
2025020157,52,24,17,12,4,13,0
2025020158,17,14,14,19,3,9,1
2025020158,19,31,11,12,3,9,0
2025020159,15,22,14,15,7,8,0
2025020159,25,30,19,10,7,6,1
2025020160,9,32,17,8,3,16,0
2025020160,16,34,15,13,10,20,1
2025020161,1,26,10,14,1,12,0
2025020161,21,17,15,21,3,4,4
2025020162,22,19,13,16,6,4,0
2025020162,68,17,14,12,6,2,0
2025020163,3,18,11,9,4,11,0
2025020163,23,19,10,6,6,13,0
2025020164,8,18,15,15,4,10,2
2025020164,55,22,9,14,5,6,1
2025020165,26,14,23,14,3,10,0
2025020165,28,17,12,9,6,2,0
2025020166,10,24,21,22,9,4,0
2025020166,29,7,19,19,5,4,0
2025020167,6,12,7,18,3,13,1
2025020167,7,25,19,20,5,13,1
2025020168,9,16,21,23,8,10,0
2025020168,20,17,7,18,4,10,2
2025020169,14,21,15,17,5,6,1
2025020169,25,30,10,13,3,8,0
2025020170,4,21,21,17,3,6,1
2025020170,18,21,12,19,4,4,0
2025020171,2,30,13,17,2,6,1
2025020171,12,19,10,22,5,12,0
2025020172,19,17,14,10,5,6,2
2025020172,23,21,16,14,5,6,1
2025020173,5,23,15,12,5,4,1
2025020173,30,23,9,19,4,2,0
2025020174,16,16,7,20,4,6,0
2025020174,52,18,14,13,5,4,1
2025020175,3,18,12,13,5,6,0
2025020175,22,17,13,13,6,4,1
2025020176,1,30,11,15,6,2,2
2025020176,28,16,27,16,1,6,0
2025020177,17,11,18,17,3,8,2
2025020177,26,17,15,14,2,6,0
2025020178,21,16,22,17,6,12,0
2025020178,54,14,10,15,3,4,1
2025020179,2,12,16,22,4,8,0
2025020179,15,14,13,21,4,8,0
2025020180,17,16,10,22,3,10,1
2025020180,24,21,12,22,1,14,1
2025020181,6,26,21,9,2,2,0
2025020181,12,21,11,13,6,2,0
2025020182,5,18,14,13,6,8,1
2025020182,52,29,14,14,5,4,0
2025020183,18,13,16,11,8,6,1
2025020183,20,18,16,15,3,20,0
2025020184,21,13,14,18,2,6,0
2025020184,28,16,10,17,6,4,0
2025020185,13,26,9,21,3,6,0
2025020185,25,21,22,11,7,2,2
2025020186,7,22,13,16,3,17,0
2025020186,15,17,13,14,4,25,0
2025020187,8,27,20,7,2,16,1
2025020187,9,27,12,15,5,16,0
2025020188,4,17,11,16,1,6,1
2025020188,10,20,20,15,0,10,0
2025020189,19,21,13,14,4,11,0
2025020189,29,14,13,15,2,9,1
2025020190,23,22,12,14,2,18,0
2025020190,30,26,15,11,1,18,1
2025020191,1,12,28,17,3,8,0
2025020191,26,10,14,21,5,0,0
2025020192,16,9,17,14,5,6,1
2025020192,22,18,14,14,5,2,2
2025020193,3,24,13,15,5,4,0
2025020193,55,11,20,21,3,6,1
2025020194,14,16,14,14,3,6,0
2025020194,68,19,13,15,6,16,0
2025020195,2,10,10,16,6,8,1
2025020195,29,26,13,19,4,4,0
2025020196,4,21,17,17,5,4,0
2025020196,20,25,18,19,7,2,0
2025020197,1,15,19,13,4,4,0
2025020197,24,18,18,18,6,2,0
2025020198,17,16,17,21,6,6,0
2025020198,28,16,19,15,4,4,0
2025020199,5,9,5,17,5,2,1
2025020199,10,35,24,22,5,6,0
2025020200,19,13,21,18,8,2,1
2025020200,22,17,12,16,5,4,1
2025020201,18,19,7,18,5,6,2
2025020201,23,22,22,21,5,8,2
2025020202,16,12,11,21,2,2,0
2025020202,55,20,19,20,4,6,1
2025020203,7,20,21,11,4,4,0
2025020203,68,15,9,14,4,4,0
2025020204,4,22,10,17,3,15,2
2025020204,8,26,15,17,3,19,2
2025020205,2,15,14,13,6,12,0
2025020205,6,16,16,13,5,10,1
2025020206,3,22,14,8,10,6,0
2025020206,12,13,16,15,6,4,1
2025020207,22,18,18,13,10,8,1
2025020207,25,18,8,14,2,4,1
2025020208,18,13,11,18,3,6,0
2025020208,30,22,22,18,6,4,2
2025020209,14,23,14,14,4,11,0
2025020209,21,17,15,11,7,11,1
2025020210,17,10,13,15,0,2,0
2025020210,54,21,17,14,3,4,0
2025020211,13,27,17,17,4,16,1
2025020211,24,13,8,13,6,25,2
2025020212,26,13,10,12,3,8,1
2025020212,52,16,15,10,5,10,0
2025020213,10,15,8,19,6,6,0
2025020213,68,17,6,26,5,2,0
2025020214,15,8,14,16,2,11,1
2025020214,19,27,22,16,3,9,0
2025020215,20,24,23,13,1,4,0
2025020215,29,18,10,19,3,6,0
2025020216,16,12,8,17,4,4,1
2025020216,23,18,15,21,6,2,0
2025020217,28,18,20,11,5,12,1
2025020217,55,16,10,13,4,6,0
2025020218,6,25,13,12,8,8,0
2025020218,9,30,18,10,7,8,0
2025020219,7,16,12,14,1,9,0
2025020219,19,15,19,6,4,11,0
2025020220,1,19,13,15,2,4,0
2025020220,8,14,21,16,6,10,0
2025020221,5,10,16,18,5,6,3
2025020221,15,27,15,17,6,10,0
2025020222,12,19,11,12,9,23,0
2025020222,30,35,17,16,3,22,1
2025020223,4,24,17,20,4,10,0
2025020223,18,22,12,22,5,6,0
2025020224,24,22,10,9,5,10,2
2025020224,25,15,19,16,5,10,3
2025020225,14,11,16,7,9,6,2
2025020225,54,13,17,13,2,6,0
2025020226,13,24,14,10,2,13,0
2025020226,26,16,16,13,4,9,1
2025020227,3,27,20,5,4,11,1
2025020227,17,24,14,16,3,11,0
2025020228,2,15,15,21,2,2,0
2025020228,30,16,11,13,6,4,0
2025020229,16,18,10,17,10,21,1
2025020229,20,29,13,14,5,21,0
2025020230,28,16,11,8,1,4,0
2025020230,52,20,28,12,6,8,0
2025020231,1,22,22,11,6,7,0
2025020231,5,19,14,12,3,9,0
2025020232,4,26,10,13,8,8,0
2025020232,9,18,17,16,5,8,0
2025020233,18,23,6,20,3,10,1
2025020233,25,15,12,9,3,8,1
2025020234,6,22,12,21,4,15,1
2025020234,10,26,10,25,6,9,2
2025020235,8,25,13,12,4,4,0
2025020235,68,22,11,16,4,4,0
2025020236,14,20,10,10,4,11,1
2025020236,15,19,12,12,5,23,0
2025020237,2,18,18,14,5,4,1
2025020237,3,14,14,15,5,4,0
2025020238,7,21,16,24,7,6,0
2025020238,12,25,13,24,7,4,1
2025020239,19,32,22,14,2,6,1
2025020239,55,14,10,20,4,2,1
2025020240,21,7,14,23,4,10,0
2025020240,22,13,16,9,2,14,1
2025020241,23,20,16,10,5,10,0
2025020241,29,15,11,10,4,21,0
2025020242,24,18,21,15,5,6,0
2025020242,54,17,13,19,13,2,1
2025020243,13,23,11,15,7,4,0
2025020243,28,17,18,13,6,10,0
2025020244,16,17,16,12,4,10,3
2025020244,17,20,8,20,3,6,0
2025020245,5,19,17,16,2,8,1
2025020245,26,9,7,15,3,4,1
2025020246,10,21,23,9,3,10,1
2025020246,12,13,9,12,6,8,1
2025020247,9,28,11,15,5,4,0
2025020247,68,13,9,18,3,6,0
2025020248,25,15,14,19,5,8,1
2025020248,55,25,15,11,6,8,0
2025020249,20,15,13,19,5,6,0
2025020249,30,13,20,15,6,6,0
2025020250,21,18,13,10,5,10,2
2025020250,23,10,18,12,2,6,1
2025020251,24,20,14,12,4,8,2
2025020251,52,21,15,20,5,8,0
2025020252,1,13,11,17,3,2,1
2025020252,2,17,19,11,4,6,1
2025020253,3,31,12,17,6,8,1
2025020253,18,15,6,14,2,4,2
2025020254,22,23,27,18,5,13,0
2025020254,29,11,13,19,7,11,0
2025020255,13,21,13,11,2,13,1
2025020255,54,22,13,15,6,13,0
2025020256,6,20,11,7,3,12,3
2025020256,10,30,15,12,4,16,1
2025020257,8,21,15,18,6,6,0
2025020257,26,10,16,9,3,4,0
2025020258,9,15,13,11,4,6,0
2025020258,25,24,10,15,5,4,1
2025020259,12,22,10,18,6,17,0
2025020259,15,13,21,24,7,17,1
2025020260,19,25,18,10,6,4,1
2025020260,20,15,5,20,6,6,0
2025020261,28,22,13,11,1,8,1
2025020261,30,16,16,7,5,6,1
2025020262,21,16,13,12,6,6,1
2025020262,24,26,19,16,7,10,0
2025020263,23,19,14,12,4,8,1
2025020263,52,12,17,13,5,4,2
2025020264,29,15,21,16,5,4,1
2025020264,55,9,11,13,7,8,0
2025020265,3,21,15,17,4,8,1
2025020265,14,26,19,13,3,6,0
2025020266,4,21,13,18,5,6,1
2025020266,22,10,10,23,5,8,0
2025020267,7,20,13,19,3,24,0
2025020267,68,16,9,11,5,14,0
2025020268,1,19,7,16,6,6,0
2025020268,16,28,13,19,3,2,1
2025020269,10,26,20,17,2,4,0
2025020269,26,14,7,18,3,2,0
2025020270,8,30,13,12,4,15,0
2025020270,25,17,12,17,6,13,1
2025020271,6,30,18,23,6,9,1
2025020271,9,26,19,16,7,9,1
2025020272,17,16,17,18,7,22,2
2025020272,24,21,14,12,5,24,0
2025020273,13,22,19,14,4,4,2
2025020273,15,14,13,10,6,8,0
2025020274,22,15,11,10,2,4,0
2025020274,29,12,15,14,7,6,0
2025020275,7,16,11,22,9,4,1
2025020275,21,22,13,13,4,6,0
2025020276,20,10,13,14,6,4,0
2025020276,28,19,25,14,4,6,0
2025020277,2,9,14,7,3,4,1
2025020277,54,22,12,12,2,10,0
2025020278,52,20,13,14,5,6,1
2025020278,55,14,12,7,2,4,1
2025020279,12,21,4,16,5,4,1
2025020279,23,25,29,17,5,4,1
2025020280,4,18,16,10,4,2,0
2025020280,19,20,11,12,6,2,0
2025020281,5,10,14,13,7,2,0
2025020281,18,17,7,21,3,4,0
2025020282,2,18,11,18,4,22,0
2025020282,68,13,20,13,4,6,1
2025020283,13,25,7,15,4,14,1
2025020283,14,27,14,18,2,16,0
2025020284,24,20,13,12,3,12,0
2025020284,30,18,7,21,2,4,0
2025020285,6,27,16,14,5,30,1
2025020285,8,27,22,10,7,26,0
2025020286,9,22,13,13,4,6,0
2025020286,26,16,20,18,2,4,0
2025020287,7,19,16,15,8,8,0
2025020287,17,18,14,10,3,8,1
2025020288,1,13,21,17,4,2,1
2025020288,15,26,16,11,8,6,0
2025020289,12,17,11,23,8,2,0
2025020289,22,25,13,20,4,4,1
2025020290,3,31,12,17,4,7,1
2025020290,29,27,19,19,7,9,1
2025020291,10,28,5,13,6,4,0
2025020291,16,15,17,19,4,4,0
2025020292,19,24,15,15,3,6,0
2025020292,54,12,11,22,4,4,1
2025020293,4,32,12,17,6,4,0
2025020293,25,23,12,11,3,2,1
2025020294,20,27,22,18,4,2,1
2025020294,52,21,15,16,5,16,1
2025020295,28,19,8,14,5,4,1
2025020295,55,13,25,11,3,12,0
2025020296,5,15,14,9,4,6,0
2025020296,18,27,11,20,7,0,0
2025020297,14,18,8,16,3,33,0
2025020297,23,28,10,12,5,33,2
2025020298,30,31,16,15,7,8,1
2025020298,54,15,11,17,4,8,2
2025020299,3,26,18,19,4,22,1
2025020299,17,23,21,12,5,14,1
2025020300,2,11,14,12,3,11,0
2025020300,21,19,11,14,7,13,0
2025020301,6,26,20,27,4,6,1
2025020301,12,19,10,15,6,10,0
2025020302,7,13,19,11,7,7,1
2025020302,22,20,16,16,5,9,0
2025020303,13,24,20,10,4,18,2
2025020303,23,13,15,10,2,18,2
2025020304,15,17,21,12,4,6,0
2025020304,26,18,16,12,4,4,1
2025020305,8,17,13,16,5,4,0
2025020305,29,15,12,17,4,0,1
2025020306,24,20,12,17,9,9,0
2025020306,68,17,15,19,5,9,0
2025020307,10,21,16,19,4,6,0
2025020307,19,18,12,9,5,6,1
2025020308,17,23,9,13,4,4,1
2025020308,55,11,14,14,3,4,1
2025020309,1,17,11,13,6,8,0
2025020309,14,14,7,11,4,8,2
2025020310,2,17,16,16,8,16,0
2025020310,25,16,6,7,1,19,0
2025020311,29,13,11,16,5,4,0
2025020311,52,16,18,13,3,2,1
2025020312,16,13,11,19,5,60,0
2025020312,20,43,15,9,3,60,1
2025020313,3,34,17,15,5,4,0
2025020313,54,20,17,15,4,2,2
2025020314,28,22,17,14,4,4,1
2025020314,68,13,10,13,6,6,0
2025020315,15,16,25,11,7,6,0
2025020315,22,11,6,11,4,2,1
2025020316,7,17,25,17,3,2,0
2025020316,20,17,16,12,4,6,0
2025020317,12,12,4,18,5,2,0
2025020317,30,18,25,13,4,4,0
2025020318,6,38,21,16,3,26,2
2025020318,24,16,18,18,5,14,1
2025020319,10,27,14,14,3,2,0
2025020319,29,15,25,20,2,4,0
2025020320,8,20,15,16,2,12,1
2025020320,15,19,13,16,4,10,2
2025020321,2,8,15,13,4,21,0
2025020321,17,23,14,18,2,37,0
2025020322,14,29,19,17,3,9,0
2025020322,22,17,10,13,5,21,0
2025020323,1,23,13,12,4,2,0
2025020323,13,22,14,10,3,4,0
2025020324,4,24,14,14,5,4,0
2025020324,19,25,16,14,6,4,1
2025020325,16,11,6,18,7,6,1
2025020325,55,16,10,16,4,4,1
2025020326,3,22,26,17,5,12,2
2025020326,21,17,13,19,4,4,1
2025020327,54,19,16,13,6,15,0
2025020327,68,24,9,10,4,17,0
2025020328,23,24,8,12,5,4,1
2025020328,25,21,20,15,5,10,0
2025020329,9,29,11,16,2,4,1
2025020329,24,24,20,15,5,6,0
2025020330,26,12,10,15,6,8,0
2025020330,28,26,24,15,5,10,0
2025020331,7,19,14,14,8,4,1
2025020331,16,13,17,24,4,4,1
2025020332,5,9,13,22,5,6,0
2025020332,30,20,14,16,7,4,1
2025020333,12,13,9,13,4,8,1
2025020333,52,29,20,18,3,8,1
2025020334,6,28,23,13,4,20,0
2025020334,26,12,12,13,5,4,0
2025020335,17,12,22,12,6,8,0
2025020335,29,16,16,15,4,8,1
2025020336,2,20,12,15,4,2,0
2025020336,19,22,14,14,3,6,0
2025020337,8,25,17,16,8,33,0
2025020337,10,20,14,17,1,35,1
2025020338,13,30,10,14,4,20,1
2025020338,22,20,13,13,3,24,0
2025020339,1,28,4,14,2,12,1
2025020339,4,23,10,13,7,8,0
2025020340,5,16,14,20,2,6,1
2025020340,55,22,13,14,5,10,0
2025020341,14,15,23,19,4,27,1
2025020341,15,22,13,16,5,11,0
2025020342,9,19,9,9,3,15,1
2025020342,28,23,14,19,3,13,1
2025020343,18,15,8,17,8,4,0
2025020343,21,28,13,10,4,6,0
2025020344,3,30,9,18,6,4,0
2025020344,68,17,12,19,3,6,0
2025020345,20,17,15,19,4,25,2
2025020345,25,15,15,12,4,28,0
2025020346,24,19,14,16,8,10,0
2025020346,54,15,20,22,4,6,1
2025020347,7,27,21,17,4,6,1
2025020347,12,18,9,16,6,8,1
2025020348,30,28,18,14,4,15,0
2025020348,52,20,11,8,3,9,0
2025020349,2,18,15,16,6,2,0
2025020349,55,14,23,20,5,4,0
2025020350,16,20,12,16,5,6,0
2025020350,21,29,14,12,3,4,0
2025020351,6,30,9,16,3,22,0
2025020351,28,23,15,13,4,16,1
2025020352,20,15,15,18,3,8,0
2025020352,23,17,11,19,4,8,1
2025020353,4,22,12,9,4,9,0
2025020353,14,20,10,17,7,7,0
2025020354,1,25,19,11,4,17,0
2025020354,17,22,20,16,3,23,1
2025020355,3,31,15,12,4,8,0
2025020355,19,18,19,6,3,0,0
2025020356,15,11,12,15,6,4,1
2025020356,29,21,10,15,5,6,0
2025020357,13,19,14,14,10,8,0
2025020357,18,25,5,13,6,6,1
2025020358,54,17,9,14,2,4,0
2025020358,68,19,16,12,5,6,0
2025020359,9,22,14,12,4,6,0
2025020359,26,14,8,10,2,6,1
2025020360,22,22,11,20,6,10,0
2025020360,25,17,14,13,4,6,3
2025020361,17,13,17,14,3,10,2
2025020361,18,22,8,7,3,10,1
2025020362,14,13,15,14,6,10,0
2025020362,20,25,17,16,4,8,0
2025020363,4,17,15,14,4,6,0
2025020363,13,33,12,20,5,2,0
2025020364,1,26,18,11,4,8,1
2025020364,19,15,14,12,7,4,1
2025020365,2,17,17,12,3,2,0
2025020365,6,24,12,9,4,8,0
2025020366,5,17,10,14,6,0,0
2025020366,7,21,15,15,8,2,0
2025020367,15,20,21,10,5,6,0
2025020367,52,12,15,12,3,6,1
2025020368,3,34,20,16,3,10,0
2025020368,12,26,10,22,6,2,1
2025020369,10,21,13,19,6,8,0
2025020369,29,20,12,14,4,6,0
2025020370,16,11,11,18,4,20,0
2025020370,30,26,5,16,4,18,1
2025020371,21,10,22,12,2,8,1
2025020371,28,22,18,13,5,8,0
2025020372,8,20,18,13,4,10,2
2025020372,68,18,13,14,4,8,1
2025020373,9,26,10,12,4,6,1
2025020373,54,33,12,14,5,6,1
2025020374,23,13,17,11,5,14,1
2025020374,24,15,16,10,4,8,1
2025020375,25,17,13,13,7,10,0
2025020375,55,23,8,17,4,4,0
2025020376,3,34,16,15,2,4,2
2025020376,6,25,9,14,3,6,0
2025020377,14,15,4,11,4,4,1
2025020377,17,20,16,11,7,4,0
2025020378,21,12,12,15,2,2,0
2025020378,30,25,17,12,4,2,0
2025020379,1,20,20,18,8,9,0
2025020379,7,24,9,19,6,7,0
2025020380,13,30,11,10,4,4,0
2025020380,20,20,28,14,3,4,1
2025020381,2,17,11,15,5,4,1
2025020381,4,20,18,13,4,10,1
2025020382,9,20,17,15,7,10,0
2025020382,19,17,15,20,0,6,0
2025020383,8,20,24,11,9,4,0
2025020383,54,15,7,17,2,4,0
2025020384,24,18,21,19,11,2,1
2025020384,26,14,24,13,3,4,0
2025020385,23,17,9,12,4,16,0
2025020385,28,14,15,11,5,22,2
2025020386,10,28,14,17,4,4,0
2025020386,15,17,12,22,0,0,0
2025020387,12,13,14,12,6,8,0
2025020387,52,32,17,15,2,12,0
2025020388,5,18,20,12,5,4,0
2025020388,29,16,14,19,3,4,0
2025020389,16,15,13,16,4,6,1
2025020389,18,21,20,11,6,10,0
2025020390,25,19,6,14,6,4,2
2025020390,68,22,10,18,3,10,0
2025020391,3,24,15,13,3,4,0
2025020391,14,16,20,19,3,4,0
2025020392,8,27,17,15,4,8,1
2025020392,21,13,10,18,5,6,1
2025020393,22,19,16,14,4,30,2
2025020393,55,18,11,13,5,24,0
2025020394,6,28,17,16,6,17,1
2025020394,17,24,9,21,3,11,0
2025020395,1,20,7,16,3,6,1
2025020395,4,20,23,11,5,8,0
2025020396,5,16,11,11,2,10,1
2025020396,10,19,26,19,6,10,1
2025020397,18,19,8,14,3,15,1
2025020397,52,27,14,14,5,15,0
2025020398,19,26,23,16,5,17,0
2025020398,68,20,13,12,4,4,0
2025020399,7,20,8,17,6,6,0
2025020399,30,18,14,15,6,6,0
2025020400,28,25,22,18,5,4,1
2025020400,54,6,18,12,4,4,1
2025020401,23,16,13,11,6,8,0
2025020401,26,14,11,15,4,6,0
2025020402,2,23,13,16,6,4,1
2025020402,15,21,13,7,3,6,1
2025020403,16,15,19,16,5,6,2
2025020403,24,22,9,9,3,8,0
2025020404,12,18,7,14,5,4,0
2025020404,20,21,25,20,4,14,0
2025020405,9,31,9,18,5,10,0
2025020405,25,21,11,14,6,8,2
2025020406,1,23,11,14,5,40,2
2025020406,29,21,11,15,7,34,1
2025020407,4,27,13,20,2,8,1
2025020407,5,18,12,15,7,14,3
2025020408,7,12,8,7,6,14,1
2025020408,52,35,17,13,1,26,0
2025020409,19,15,8,15,3,6,0
2025020409,24,17,22,16,6,12,0
2025020410,28,19,8,10,6,6,1
2025020410,68,16,17,16,1,8,0
2025020411,8,33,16,14,4,8,2
2025020411,9,21,16,10,7,10,0
2025020412,6,27,15,14,5,28,0
2025020412,17,18,20,17,5,6,1
2025020413,10,22,20,10,7,2,0
2025020413,13,27,11,10,4,6,0
2025020414,2,19,19,17,3,6,0
2025020414,14,14,7,13,4,6,0
2025020415,3,27,14,11,4,4,0
2025020415,25,17,14,12,5,10,0
2025020416,18,18,9,14,8,20,0
2025020416,20,24,10,23,5,16,1
2025020417,21,18,16,16,5,0,0
2025020417,23,17,11,15,4,2,0
2025020418,22,19,13,17,4,4,0
2025020418,30,25,20,12,8,6,0
2025020419,16,9,16,13,4,4,0
2025020419,54,20,18,13,5,8,0
2025020420,15,20,21,15,6,9,1
2025020420,26,13,5,13,6,9,0
2025020421,1,23,9,21,4,4,0
2025020421,25,12,24,16,7,6,0
2025020422,8,25,19,14,5,7,1
2025020422,52,22,15,25,6,7,0
2025020423,4,18,15,9,7,14,2
2025020423,7,16,20,12,3,23,1
2025020424,24,22,13,14,3,4,0
2025020424,68,30,25,10,4,6,1
2025020425,15,10,16,15,6,8,1
2025020425,28,19,6,12,5,2,1
2025020426,6,19,11,19,6,4,1
2025020426,19,31,7,17,3,4,0
2025020427,3,20,13,16,2,6,0
2025020427,9,29,17,13,6,2,2
2025020428,5,21,14,13,4,17,2
2025020428,14,13,4,20,5,13,1
2025020429,13,19,9,17,5,12,0
2025020429,18,19,12,16,3,14,0
2025020430,2,18,20,10,3,6,1
2025020430,21,26,12,16,5,8,0
2025020431,10,20,20,17,5,6,0
2025020431,12,18,4,13,6,4,0
2025020432,17,15,21,15,5,6,3
2025020432,29,24,11,14,6,10,2
2025020433,20,22,14,13,3,10,0
2025020433,30,24,17,14,5,2,0
2025020434,22,22,20,13,3,6,4
2025020434,55,23,7,14,6,10,1
2025020435,16,13,25,13,6,10,1
2025020435,26,20,20,19,4,6,0
2025020436,1,15,11,15,7,4,0
2025020436,54,21,23,18,5,4,2
2025020437,7,22,7,13,6,4,1
2025020437,52,33,9,14,2,6,0
2025020438,25,17,17,10,6,10,1
2025020438,28,24,9,13,6,6,0
2025020439,23,21,12,19,6,6,0
2025020439,68,25,23,17,6,8,1
2025020440,15,21,21,20,4,10,0
2025020440,24,18,19,13,7,6,0
2025020441,3,32,18,20,3,4,0
2025020441,21,21,13,13,4,4,0
2025020442,13,30,7,12,4,8,2
2025020442,29,15,20,20,5,6,1
2025020443,1,15,16,17,4,2,0
2025020443,6,24,18,21,5,2,0
2025020444,8,21,11,11,3,6,1
2025020444,10,28,8,12,5,6,0
2025020445,9,25,10,9,7,10,1
2025020445,19,22,21,15,1,20,0
2025020446,2,22,22,15,2,4,1
2025020446,14,21,10,10,7,6,0
2025020447,12,12,9,17,5,6,2
2025020447,18,19,14,16,5,14,1
2025020448,20,20,19,11,8,9,0
2025020448,68,22,14,17,4,7,0
2025020449,16,10,11,18,5,6,0
2025020449,26,20,10,22,7,8,1
2025020450,22,9,12,16,2,4,1
2025020450,52,36,6,12,5,4,0
2025020451,23,27,9,12,4,10,0
2025020451,30,22,13,16,4,10,1
2025020452,17,19,25,14,7,6,1
2025020452,55,17,20,7,6,4,0
2025020453,4,21,20,16,7,4,0
2025020453,21,18,18,16,5,2,1
2025020454,2,23,16,13,4,6,0
2025020454,13,18,16,11,6,6,0
2025020455,12,12,9,17,6,6,1
2025020455,28,21,26,9,4,8,1
2025020456,5,26,19,13,5,2,0
2025020456,25,17,20,23,5,4,0
2025020457,8,14,9,16,2,6,0
2025020457,19,34,19,13,5,4,1
2025020458,3,33,23,15,3,11,0
2025020458,54,15,11,18,7,9,0
2025020459,15,16,11,15,4,6,0
2025020459,29,12,7,17,5,8,0
2025020460,16,15,10,17,5,8,1
2025020460,24,15,8,12,4,2,2
2025020461,10,20,14,9,8,22,0
2025020461,14,16,8,18,4,24,0
2025020462,26,17,15,13,2,8,0
2025020462,68,32,18,11,5,2,1
2025020463,7,19,8,9,4,16,2
2025020463,20,17,17,14,4,18,2
2025020464,17,15,23,17,5,6,0
2025020464,23,27,7,12,3,4,0
2025020465,30,24,17,11,7,8,0
2025020465,55,16,20,18,4,8,1
2025020466,8,24,18,14,3,15,1
2025020466,14,27,16,10,4,17,1
2025020467,1,15,15,16,5,8,0
2025020467,9,22,11,16,2,8,3
2025020468,2,24,10,15,8,10,1
2025020468,54,14,12,20,6,8,0
2025020469,4,17,11,10,4,4,0
2025020469,28,28,20,16,3,4,0
2025020470,5,11,13,19,9,2,1
2025020470,24,24,17,15,7,8,0
2025020471,12,19,16,10,8,6,1
2025020471,29,14,18,10,6,8,1
2025020472,6,26,21,15,12,6,0
2025020472,19,30,20,13,2,6,1
2025020473,25,8,15,17,5,8,2
2025020473,52,32,10,15,6,8,0
2025020474,7,14,12,9,6,8,2
2025020474,22,17,15,14,3,12,0
2025020475,18,11,18,14,3,8,1
2025020475,21,9,7,16,7,4,1
2025020476,3,36,13,15,2,8,0
2025020476,16,12,14,9,7,6,0
2025020477,17,20,26,18,2,10,0
2025020477,20,15,5,17,7,8,0
2025020478,13,21,15,16,6,6,0
2025020478,68,19,15,13,3,4,0
2025020479,26,18,18,16,4,14,1
2025020479,55,18,14,10,4,10,3
2025020480,10,19,15,16,10,4,1
2025020480,28,22,13,13,2,6,0
2025020481,1,32,13,14,6,11,1
2025020481,14,15,13,7,2,11,2
2025020482,2,20,18,17,7,2,2
2025020482,24,15,13,14,3,8,0
2025020483,4,25,13,9,4,2,0
2025020483,54,23,16,17,4,6,1
2025020484,5,25,19,14,9,8,1
2025020484,8,12,24,11,1,12,1
2025020485,12,29,10,15,7,7,0
2025020485,15,21,21,9,3,9,0
2025020486,9,18,21,16,6,0,1
2025020486,29,23,12,14,4,4,1
2025020487,18,14,15,10,5,11,1
2025020487,19,27,10,14,2,13,0
2025020488,25,12,14,13,8,6,1
2025020488,30,26,20,17,6,2,0
2025020489,6,21,18,15,3,13,2
2025020489,52,24,16,9,6,9,1
2025020490,13,28,13,11,7,6,0
2025020490,21,11,17,20,5,4,0
2025020491,17,9,11,14,5,4,0
2025020491,22,25,20,13,5,4,1
2025020492,7,13,26,16,8,10,1
2025020492,23,22,7,11,4,8,1
2025020493,16,19,11,14,4,14,0
2025020493,19,30,13,12,9,12,0
2025020494,55,14,25,13,4,6,0
2025020494,68,13,17,14,4,10,1
2025020495,1,17,12,14,5,4,0
2025020495,24,17,21,16,3,4,0
2025020496,9,30,7,16,5,13,2
2025020496,30,21,19,15,4,15,1
2025020497,5,14,21,9,4,12,3
2025020497,28,17,16,18,6,14,1
2025020498,2,19,20,13,4,8,1
2025020498,14,27,10,8,6,8,1
2025020499,10,25,15,23,4,4,0
2025020499,22,17,10,18,5,2,0
2025020500,3,32,18,13,4,4,2
2025020500,8,21,23,13,7,6,0
2025020501,4,28,21,18,3,4,0
2025020501,12,19,3,11,6,0,0
2025020502,29,15,19,15,7,6,0
2025020502,54,15,20,14,5,8,1
2025020503,15,20,16,17,3,6,1
2025020503,52,23,12,10,6,10,1
2025020504,16,30,7,10,2,6,0
2025020504,17,15,21,13,5,6,0
2025020505,13,22,13,17,3,13,1
2025020505,25,13,18,16,8,23,0
2025020506,18,18,19,13,5,8,1
2025020506,21,16,16,15,3,6,0
2025020507,20,12,16,23,5,9,0
2025020507,26,13,15,17,7,13,0
2025020508,1,18,11,15,4,6,0
2025020508,23,22,16,12,4,6,2
2025020509,5,18,17,13,4,8,0
2025020509,68,9,7,18,5,4,1
2025020510,4,23,18,13,7,14,0
2025020510,12,10,10,16,6,10,1
2025020511,6,20,16,13,3,6,0
2025020511,30,14,14,15,5,4,2
2025020512,8,20,11,17,4,10,2
2025020512,22,17,12,19,3,8,1
2025020513,7,17,13,17,5,6,0
2025020513,55,23,11,12,5,4,1
2025020514,13,25,17,16,5,17,1
2025020514,14,33,3,14,5,17,0
2025020515,3,20,12,13,4,6,0
2025020515,24,25,14,15,7,6,1
2025020516,9,31,14,12,7,4,0
2025020516,52,20,15,11,0,6,0
2025020517,18,13,7,12,6,15,1
2025020517,19,22,11,10,2,17,1
2025020518,25,19,18,14,2,8,0
2025020518,26,30,15,20,4,6,1
2025020519,6,21,23,14,4,16,1
2025020519,68,21,10,12,4,28,1
2025020520,10,29,14,13,4,2,1
2025020520,16,15,12,12,4,6,0
2025020521,4,23,13,15,4,4,0
2025020521,8,21,10,8,2,8,0
2025020522,2,16,21,9,3,4,0
2025020522,17,14,19,13,5,2,2
2025020523,3,26,6,12,6,6,0
2025020523,23,20,13,14,4,8,0
2025020524,5,27,8,14,4,8,1
2025020524,22,8,19,14,4,12,3
2025020525,24,20,21,19,2,4,0
2025020525,29,20,19,17,5,8,0
2025020526,15,18,8,9,4,8,0
2025020526,30,22,21,15,3,4,1
2025020527,20,24,12,14,4,2,0
2025020527,28,24,25,22,5,4,0
2025020528,21,14,14,13,6,16,1
2025020528,55,18,26,18,4,16,1
2025020529,13,28,21,10,5,8,1
2025020529,26,16,15,12,5,8,1
2025020530,17,11,15,15,4,8,1
2025020530,68,21,18,12,4,8,0
2025020531,19,14,14,11,4,6,0
2025020531,52,21,9,19,3,20,0
2025020532,12,11,14,9,7,6,1
2025020532,18,23,15,17,6,8,0
2025020533,1,21,10,11,5,8,0
2025020533,54,21,19,16,6,4,1
2025020534,6,22,11,15,5,20,1
2025020534,22,21,19,12,3,6,1
2025020535,4,29,10,9,1,10,0
2025020535,7,24,15,25,6,6,1
2025020536,8,21,13,10,3,4,0
2025020536,16,14,8,13,8,4,0
2025020537,5,21,13,21,4,4,0
2025020537,9,18,11,10,3,4,1
2025020538,14,18,7,9,2,2,1
2025020538,26,17,22,20,11,20,0
2025020539,10,27,13,16,6,6,0
2025020539,15,13,12,18,4,10,0
2025020540,29,26,12,14,6,2,0
2025020540,30,15,18,19,6,4,1
2025020541,3,24,17,15,5,8,1
2025020541,19,13,7,13,5,6,0
2025020542,20,22,14,8,4,2,1
2025020542,55,24,14,12,6,10,1
2025020543,25,16,20,15,6,6,1
2025020543,28,30,11,20,4,2,0
2025020544,12,27,16,16,8,8,1
2025020544,13,23,14,14,3,8,0
2025020545,2,21,12,16,3,6,0
2025020545,23,10,14,17,6,6,1
2025020546,21,21,13,12,3,9,0
2025020546,52,20,15,14,4,9,1
2025020547,1,12,26,13,5,8,1
2025020547,68,20,16,9,2,10,1
2025020548,24,22,13,18,4,18,0
2025020548,25,8,21,21,4,8,1
2025020549,3,23,4,21,7,15,1
2025020549,4,19,21,9,1,13,2
2025020550,15,32,18,18,2,4,0
2025020550,17,10,19,18,6,4,0
2025020551,9,29,8,7,5,6,1
2025020551,16,21,17,13,5,24,1
2025020552,22,23,5,10,4,4,1
2025020552,30,25,21,16,7,4,1
2025020553,2,25,8,20,4,8,1
2025020553,7,18,11,17,5,6,1
2025020554,13,26,7,13,2,6,1
2025020554,19,19,14,11,4,6,1
2025020555,6,20,11,16,6,10,1
2025020555,23,29,15,16,5,8,1
2025020556,5,24,13,19,4,2,0
2025020556,8,16,16,8,5,6,1
2025020557,12,23,15,13,6,10,2
2025020557,14,19,15,14,1,14,0
2025020558,10,21,23,16,2,6,0
2025020558,18,20,12,12,4,4,1
2025020559,20,14,12,9,5,9,0
2025020559,54,27,13,15,4,5,1
2025020560,24,19,26,15,5,4,0
2025020560,29,12,11,15,4,4,1
2025020561,28,19,8,13,7,2,1
2025020561,55,18,23,8,6,8,0
2025020562,15,11,13,11,3,4,0
2025020562,17,16,18,17,8,2,1
2025020563,21,17,8,20,6,6,2
2025020563,30,13,25,11,2,8,0
2025020564,6,32,11,15,2,42,1
2025020564,9,22,17,22,6,54,2
2025020565,1,16,13,18,2,0,0
2025020565,7,20,23,16,7,2,0
2025020566,5,30,11,15,4,6,1
2025020566,8,25,18,19,5,8,0
2025020567,3,17,19,17,2,4,0
2025020567,18,18,16,11,6,6,0
2025020568,10,24,9,24,3,6,0
2025020568,25,11,12,10,6,8,0
2025020569,52,27,15,11,6,6,1
2025020569,68,16,13,13,4,6,0
2025020570,22,24,16,22,2,10,2
2025020570,54,32,13,16,4,6,2
2025020571,14,10,15,11,6,4,2
2025020571,19,27,16,14,4,8,0
2025020572,4,14,12,12,1,4,0
2025020572,23,33,18,12,3,2,0
2025020573,24,24,12,13,7,18,0
2025020573,55,24,13,16,4,16,1
2025020574,26,19,10,15,4,14,0
2025020574,29,15,12,14,6,12,3
2025020575,5,16,7,12,7,6,0
2025020575,10,19,14,19,6,6,0
2025020576,3,18,18,13,3,6,1
2025020576,15,13,17,11,2,8,1
2025020577,6,27,16,19,7,34,1
2025020577,8,23,18,11,3,32,2
2025020578,7,15,16,10,4,8,0
2025020578,9,19,9,11,5,4,1
2025020579,17,16,16,12,4,10,2
2025020579,25,20,8,15,4,6,2
2025020580,1,15,20,14,1,0,0
2025020580,2,26,11,13,8,0,0
2025020581,12,35,12,11,5,12,0
2025020581,13,32,11,17,5,6,1
2025020582,18,22,10,13,5,8,2
2025020582,30,27,9,13,4,10,0
2025020583,4,12,16,14,4,10,1
2025020583,16,17,10,17,0,8,0
2025020584,21,20,21,20,5,6,0
2025020584,68,16,19,16,3,4,0
2025020585,20,27,13,21,5,89,0
2025020585,22,14,21,14,5,65,3
2025020586,28,25,6,14,6,8,0
2025020586,54,13,9,17,6,4,1
2025020587,26,25,5,15,5,4,0
2025020587,55,17,19,13,6,6,1
2025020588,2,14,19,15,9,8,0
2025020588,3,24,17,9,4,12,0
2025020589,6,27,12,15,4,6,0
2025020589,7,18,13,17,8,2,0
2025020590,9,30,6,17,4,8,0
2025020590,10,32,7,17,6,4,2
2025020591,13,27,9,10,3,49,1
2025020591,14,32,17,7,5,87,0
2025020592,1,17,10,15,8,4,1
2025020592,15,14,21,9,4,6,0
2025020593,12,22,6,16,8,6,0
2025020593,17,22,17,16,2,4,1
2025020594,30,19,18,17,5,11,1
2025020594,52,16,15,14,3,13,0
2025020595,18,17,3,11,3,4,0
2025020595,19,25,19,16,5,4,1
2025020596,16,29,13,12,6,8,0
2025020596,25,16,14,18,5,4,0
2025020597,24,16,13,17,4,12,1
2025020597,26,12,16,17,3,8,1
2025020598,20,29,24,16,6,8,0
2025020598,22,13,21,24,7,6,1
2025020599,23,25,9,17,2,10,1
2025020599,28,12,13,15,7,8,1
2025020600,21,16,8,15,5,4,0
2025020600,54,21,27,18,5,2,0
2025020601,10,24,11,11,5,4,1
2025020601,17,12,14,14,4,6,0
2025020602,8,26,11,12,8,7,0
2025020602,14,17,23,18,3,13,0
2025020603,2,15,20,12,5,21,0
2025020603,29,25,17,20,4,8,0
2025020604,5,17,17,19,6,11,1
2025020604,16,26,4,15,4,7,0
2025020605,4,16,16,13,4,0,0
2025020605,55,18,17,17,3,4,0
2025020606,9,18,10,14,3,11,0
2025020606,29,23,16,20,5,13,0
2025020607,13,16,6,16,4,12,1
2025020607,15,19,21,14,6,12,1
2025020608,3,23,18,14,4,8,1
2025020608,12,25,11,16,5,4,2
2025020609,22,22,17,21,9,11,1
2025020609,52,32,8,13,3,7,0
2025020610,7,18,11,12,5,2,0
2025020610,19,27,18,15,3,6,0
2025020611,21,18,9,17,3,6,0
2025020611,26,29,11,17,4,8,1
2025020612,18,16,19,10,4,8,1
2025020612,68,16,16,15,3,4,1
2025020613,6,18,17,17,11,10,0
2025020613,20,21,14,13,4,4,1
2025020614,30,17,20,15,4,4,0
2025020614,54,30,13,13,4,15,0
2025020615,24,18,11,16,7,4,0
2025020615,28,17,19,16,4,6,0
2025020616,23,22,15,12,5,15,0
2025020616,55,21,17,14,3,9,1
2025020617,1,18,11,15,5,11,0
2025020617,10,18,16,9,2,11,1
2025020618,8,16,18,12,7,8,1
2025020618,13,30,11,8,1,8,1
2025020619,5,15,19,15,7,0,1
2025020619,12,21,15,21,4,4,0
2025020620,2,28,9,24,6,6,1
2025020620,16,23,16,11,5,8,1
2025020621,4,26,15,16,3,15,0
2025020621,23,29,16,19,5,9,0
2025020622,3,21,27,17,5,11,1
2025020622,15,21,21,15,5,7,1
2025020623,18,26,18,12,7,6,2
2025020623,54,26,11,17,4,18,1
2025020624,14,19,12,15,6,6,1
2025020624,24,13,12,21,6,6,1
2025020625,28,19,22,19,5,2,1
2025020625,30,19,13,14,3,2,0
2025020626,17,14,20,12,4,6,1
2025020626,52,24,11,13,6,6,0
2025020627,1,17,10,14,5,11,1
2025020627,29,26,11,18,8,7,0
2025020628,7,24,9,13,4,4,0
2025020628,25,15,12,12,3,4,0
2025020629,19,22,24,20,4,6,0
2025020629,21,6,7,12,5,6,1
2025020630,4,23,18,13,6,8,0
2025020630,20,15,15,10,7,6,2
2025020631,6,14,13,13,6,47,1
2025020631,22,18,14,16,4,43,0
2025020632,9,32,14,17,6,17,0
2025020632,15,15,19,9,5,17,1
2025020633,2,13,13,9,6,8,1
2025020633,68,16,14,18,3,10,2
2025020634,10,23,11,15,6,4,1
2025020634,52,17,12,14,4,2,1
2025020635,5,15,18,11,4,16,1
2025020635,17,21,17,9,4,6,2
2025020636,8,26,15,16,4,6,0
2025020636,12,18,10,19,9,2,2
2025020637,16,20,17,14,7,2,2
2025020637,25,29,16,17,4,8,0
2025020638,18,23,16,19,6,2,1
2025020638,55,20,21,16,4,4,0
2025020639,14,22,12,10,2,11,1
2025020639,26,20,21,19,6,9,2
2025020640,19,19,9,18,6,4,0
2025020640,54,21,14,16,6,4,0
2025020641,3,20,27,9,3,12,2
2025020641,13,38,11,10,5,6,1
2025020642,23,26,6,22,5,4,2
2025020642,55,13,20,18,5,6,1
2025020643,24,22,20,22,6,8,0
2025020643,30,11,18,15,2,2,1
2025020644,5,20,13,16,8,4,0
2025020644,17,21,12,18,2,4,0
2025020645,1,24,14,15,5,4,1
2025020645,68,28,8,12,4,6,0
2025020646,7,15,15,20,2,6,0
2025020646,29,23,13,14,5,14,0
2025020647,4,15,15,11,3,11,0
2025020647,22,12,18,15,5,9,1
2025020648,8,15,10,14,5,4,0
2025020648,19,16,17,16,4,8,0
2025020649,14,8,8,18,2,16,3
2025020649,28,23,17,13,7,30,1
2025020650,9,20,19,10,5,18,2
2025020650,52,18,7,8,7,10,0
2025020651,2,21,11,16,6,4,0
2025020651,10,19,11,17,2,4,0
2025020652,15,23,19,16,2,4,0
2025020652,16,11,9,19,9,2,1
2025020653,12,18,15,15,2,10,1
2025020653,21,19,10,13,5,6,2
2025020654,18,23,15,20,7,28,0
2025020654,20,26,12,15,4,26,0
2025020655,26,15,18,19,4,8,1
2025020655,30,17,21,16,5,6,1
2025020656,6,16,17,15,3,12,2
2025020656,23,32,12,13,6,6,1
2025020657,8,30,13,14,3,4,1
2025020657,25,15,16,15,7,10,0
2025020658,5,14,14,14,5,0,1
2025020658,29,22,19,19,7,6,0
2025020659,13,25,9,15,7,8,0
2025020659,21,15,8,19,4,6,0
2025020660,1,22,9,12,3,6,0
2025020660,12,16,18,18,6,10,0
2025020661,16,15,8,16,7,2,0
2025020661,54,34,19,14,2,4,0
2025020662,3,38,14,16,5,4,2
2025020662,68,18,9,14,7,10,0
2025020663,15,20,22,11,3,16,0
2025020663,24,13,7,12,6,14,0
2025020664,9,20,12,18,5,8,1
2025020664,17,13,11,12,4,12,1
2025020665,20,35,12,20,6,2,0
2025020665,55,20,14,16,2,2,0
2025020666,26,10,16,20,5,14,0
2025020666,30,22,19,14,7,4,1
2025020667,7,16,14,15,5,8,0
2025020667,23,17,8,16,4,2,1
2025020668,14,21,16,12,5,18,1
2025020668,21,20,19,19,4,6,0
2025020669,1,18,5,20,5,0,0
2025020669,2,16,17,11,3,6,0
2025020670,4,22,23,18,7,26,1
2025020670,24,19,15,15,2,37,2
2025020671,12,28,12,19,6,6,2
2025020671,25,29,10,13,5,10,2
2025020672,10,21,18,14,2,11,0
2025020672,13,31,10,12,8,9,0
2025020673,52,25,18,13,3,13,0
2025020673,54,27,10,13,5,9,2
2025020674,18,17,13,17,6,4,0
2025020674,22,15,16,16,7,4,1
2025020675,28,20,15,11,7,11,1
2025020675,29,12,16,12,3,15,0
2025020676,6,24,13,13,3,8,1
2025020676,55,12,17,20,9,6,3
2025020677,15,22,16,24,6,11,0
2025020677,25,16,11,13,3,11,0
2025020678,8,24,19,11,4,8,0
2025020678,20,15,13,13,5,2,0
2025020679,16,19,16,16,7,20,3
2025020679,19,25,7,13,4,8,0
2025020680,9,26,13,16,2,6,0
2025020680,68,20,20,20,5,6,0
2025020681,26,12,14,17,3,8,0
2025020681,28,21,17,17,8,6,2
2025020682,6,23,17,19,3,6,0
2025020682,20,27,19,15,8,6,0
2025020683,8,18,20,9,7,22,0
2025020683,13,18,11,18,4,24,0
2025020684,17,13,27,17,5,4,1
2025020684,23,24,14,17,3,6,1
2025020685,3,32,12,13,5,4,0
2025020685,7,16,20,17,9,6,1
2025020686,4,25,11,8,5,4,0
2025020686,10,20,13,16,6,6,0
2025020687,1,25,19,18,6,6,1
2025020687,5,10,16,22,5,4,1
2025020688,12,16,8,21,6,6,0
2025020688,24,25,20,17,4,14,0
2025020689,2,20,23,22,4,8,0
2025020689,18,19,16,15,8,10,0
2025020690,22,9,8,16,2,9,1
2025020690,52,24,9,15,5,9,0
2025020691,9,38,14,7,5,42,0
2025020691,21,12,21,9,4,16,2
2025020692,29,28,12,18,4,4,0
2025020692,54,19,20,15,8,2,1
2025020693,30,16,9,14,6,6,0
2025020693,55,13,19,12,5,2,1
2025020694,15,13,9,16,5,8,0
2025020694,16,23,6,19,5,6,1
2025020695,26,22,12,8,7,4,0
2025020695,52,23,22,16,2,4,1
2025020696,19,28,19,14,2,20,0
2025020696,68,14,15,10,6,22,1
2025020697,3,27,9,20,5,18,1
2025020697,6,29,14,11,4,26,1
2025020698,5,15,17,15,1,10,0
2025020698,20,17,18,14,3,8,0
2025020699,21,6,17,10,3,4,0
2025020699,29,18,22,14,2,4,0
2025020700,25,12,14,15,5,12,0
2025020700,28,21,11,18,4,4,4
2025020701,7,10,22,19,4,13,0
2025020701,24,29,7,19,4,13,0
2025020702,10,15,20,16,4,15,2
2025020702,23,19,10,17,7,15,0
2025020703,8,27,17,12,9,8,0
2025020703,17,14,16,7,1,2,1
2025020704,9,20,14,13,5,10,0
2025020704,13,24,6,12,6,12,2
2025020705,4,32,14,14,5,9,1
2025020705,14,18,6,14,5,9,0
2025020706,12,16,13,13,7,2,0
2025020706,55,25,12,18,7,2,0
2025020707,16,18,8,14,2,8,1
2025020707,18,20,8,12,7,8,0
2025020708,2,15,9,7,2,8,0
2025020708,30,18,14,16,5,6,1
2025020709,22,20,20,15,6,4,1
2025020709,26,20,12,19,4,8,1
2025020710,19,30,17,12,3,7,1
2025020710,54,21,9,18,7,7,0
2025020711,1,17,11,15,4,4,0
2025020711,52,15,13,21,5,2,0
2025020712,5,18,17,16,3,12,0
2025020712,6,15,18,16,6,4,0
2025020713,15,21,5,13,5,12,2
2025020713,18,16,11,16,2,10,2
2025020714,29,18,23,16,2,4,2
2025020714,68,15,21,11,5,6,0
2025020715,28,21,15,11,5,8,0
2025020715,54,19,11,23,4,10,2
2025020716,7,22,19,21,4,7,0
2025020716,13,18,14,11,6,9,1
2025020717,12,23,11,12,5,28,2
2025020717,17,19,25,20,6,10,1
2025020718,3,31,3,14,6,4,0
2025020718,55,20,19,17,8,4,0
2025020719,4,32,17,19,1,46,0
2025020719,14,10,11,9,6,32,2
2025020720,8,26,26,18,4,4,1
2025020720,23,12,9,18,4,2,0
2025020721,1,18,19,12,3,4,0
2025020721,30,16,14,14,4,4,1
2025020722,16,20,9,16,6,2,0
2025020722,22,13,16,15,2,4,0
2025020723,10,13,22,15,8,8,0
2025020723,21,14,12,21,3,6,1
2025020724,25,17,13,15,7,6,0
2025020724,26,24,12,9,3,2,1
2025020725,9,25,16,11,5,2,0
2025020725,23,21,18,14,5,4,0
2025020726,5,13,15,15,9,14,0
2025020726,14,15,8,18,4,33,0
2025020727,8,21,20,10,2,25,0
2025020727,15,18,15,16,5,23,0
2025020728,20,12,9,16,5,13,3
2025020728,29,21,14,14,3,9,1
2025020729,6,18,10,18,3,4,0
2025020729,17,14,16,17,5,4,0
2025020730,12,14,8,14,8,6,0
2025020730,19,26,19,19,5,6,1
2025020731,18,22,11,20,7,13,0
2025020731,22,18,19,18,4,11,2
2025020732,2,13,12,20,6,4,0
2025020732,52,18,9,16,5,2,1
2025020733,10,21,21,16,5,6,0
2025020733,68,21,15,14,5,8,0
2025020734,24,29,17,16,8,4,0
2025020734,25,24,21,20,1,4,0
2025020735,1,14,12,14,9,4,1
2025020735,55,20,17,17,3,4,1
2025020736,4,26,9,5,2,12,1
2025020736,7,27,9,17,5,10,2
2025020737,3,38,20,24,6,6,1
2025020737,9,13,16,11,3,2,1
2025020738,26,24,13,20,5,4,0
2025020738,54,20,20,15,3,2,1
2025020739,6,25,16,16,9,13,1
2025020739,55,22,14,13,5,9,2
2025020740,7,21,6,14,6,10,2
2025020740,8,26,18,13,4,12,2
2025020741,4,22,11,11,3,13,0
2025020741,5,20,14,14,7,13,3
2025020742,15,18,14,12,3,6,1
2025020742,28,16,10,20,4,4,0
2025020743,23,11,18,17,6,4,1
2025020743,29,19,15,9,6,4,2
2025020744,30,11,7,13,5,8,0
2025020744,52,19,12,7,2,6,2
2025020745,16,11,19,17,7,17,0
2025020745,20,29,12,18,4,19,1
2025020746,25,15,18,16,6,6,1
2025020746,68,18,15,20,5,4,0
2025020747,2,15,16,15,6,4,1
2025020747,22,16,8,16,3,2,0
2025020748,10,17,14,18,5,6,1
2025020748,54,18,15,13,4,2,2
2025020749,17,14,17,11,5,2,1
2025020749,28,16,16,21,2,4,0
2025020750,12,30,8,20,8,17,4
2025020750,13,19,13,16,5,27,0
2025020751,14,12,10,17,3,4,2
2025020751,19,24,10,11,8,6,0
2025020752,18,16,12,16,5,4,1
2025020752,21,14,17,20,6,2,0
2025020753,24,21,18,16,5,6,0
2025020753,26,15,11,15,6,4,0
2025020754,7,21,16,10,3,15,1
2025020754,30,31,9,11,6,15,1
2025020755,3,26,21,17,3,4,1
2025020755,4,27,13,14,3,8,0
2025020756,2,25,16,9,4,6,0
2025020756,20,9,14,17,4,4,0
2025020757,55,13,18,13,5,4,0
2025020757,68,25,15,17,4,6,0
2025020758,8,28,24,14,5,8,2
2025020758,9,26,15,16,5,12,2
2025020759,1,22,15,18,2,2,1
2025020759,12,20,12,9,9,8,0
2025020760,5,17,14,14,3,6,0
2025020760,29,24,24,13,10,8,0
2025020761,13,22,8,15,9,4,1
2025020761,15,30,18,17,2,6,0
2025020762,10,21,11,23,5,6,0
2025020762,52,17,11,13,2,4,0
2025020763,6,18,11,16,8,2,1
2025020763,16,24,10,16,3,2,0
2025020764,22,15,7,13,5,2,1
2025020764,23,19,8,19,3,6,0
2025020765,18,14,16,16,7,4,1
2025020765,54,25,16,20,4,8,0
2025020766,24,30,22,10,3,17,0
2025020766,26,21,9,12,8,11,1
2025020767,14,21,14,17,6,6,0
2025020767,25,16,14,13,3,6,0
2025020768,9,24,10,11,4,12,2
2025020768,17,19,11,17,3,10,2
2025020769,19,20,6,12,5,6,0
2025020769,22,15,21,14,3,6,1
2025020770,7,25,12,19,6,8,0
2025020770,12,23,6,17,7,6,1
2025020771,15,14,24,14,7,14,1
2025020771,21,14,9,15,6,10,1
2025020772,5,23,10,18,6,6,0
2025020772,55,20,16,16,3,6,1
2025020773,13,22,13,15,5,19,0
2025020773,28,28,19,14,3,19,0
2025020774,10,23,15,11,5,6,1
2025020774,30,21,13,11,5,8,2
2025020775,4,15,17,18,3,14,0
2025020775,54,23,11,13,7,4,1
2025020776,16,13,16,14,4,4,0
2025020776,52,26,13,8,3,6,0
2025020777,1,16,11,15,4,8,0
2025020777,20,22,14,17,3,4,0
2025020778,2,17,17,12,4,4,1
2025020778,23,20,7,14,3,6,0
2025020779,3,20,14,18,5,6,2
2025020779,24,29,11,20,7,8,1
2025020780,8,18,12,16,5,8,0
2025020780,30,17,22,15,2,6,2
2025020781,14,13,14,15,1,0,0
2025020781,28,29,18,11,7,2,0
2025020782,9,15,14,15,6,8,0
2025020782,29,27,13,19,3,8,0
2025020783,6,35,17,16,3,11,1
2025020783,25,13,12,12,8,9,2
2025020784,7,17,19,15,4,6,0
2025020784,18,27,8,10,6,4,0
2025020785,19,20,12,16,5,6,1
2025020785,52,16,23,12,4,8,2
2025020786,1,14,12,10,4,11,0
2025020786,22,17,12,17,3,19,0
2025020787,3,24,21,14,2,6,0
2025020787,26,15,14,14,7,4,0
2025020788,10,22,16,15,4,4,0
2025020788,17,15,12,15,5,4,0
2025020789,21,16,15,24,7,2,0
2025020789,24,27,24,13,5,4,0
2025020790,4,25,18,19,5,11,2
2025020790,68,26,11,13,3,15,1
2025020791,5,17,17,16,6,2,0
2025020791,20,24,11,16,3,2,0
2025020792,15,18,14,15,5,10,2
2025020792,23,17,13,18,4,10,0
2025020793,2,7,6,9,4,6,1
2025020793,55,15,18,13,5,14,1
2025020794,6,19,20,13,9,15,2
2025020794,54,28,14,18,3,13,1
2025020795,7,26,18,9,5,10,0
2025020795,8,28,16,12,3,8,0
2025020796,12,29,6,13,4,7,0
2025020796,16,22,14,11,6,15,0
2025020797,25,7,10,14,5,2,0
2025020797,29,35,17,14,4,2,0
2025020798,9,16,11,13,4,12,0
2025020798,18,23,9,18,6,8,2
2025020799,13,27,14,14,1,10,0
2025020799,52,24,9,17,7,8,0
2025020800,5,13,10,17,4,4,0
2025020800,22,20,9,15,3,4,0
2025020801,17,15,18,14,4,8,1
2025020801,30,18,20,15,3,4,1
2025020802,10,21,8,14,2,2,0
2025020802,54,11,15,18,6,2,0
2025020803,14,18,10,16,4,9,0
2025020803,16,16,13,19,6,11,0
2025020804,19,26,10,8,8,10,1
2025020804,25,16,16,12,5,6,2
2025020805,4,21,21,23,5,8,1
2025020805,21,15,10,11,3,4,0
2025020806,15,17,22,18,3,16,0
2025020806,20,21,17,15,4,18,1
2025020807,1,17,15,11,2,4,2
2025020807,23,19,17,18,5,6,0
2025020808,3,18,11,13,3,14,0
2025020808,28,14,18,15,5,4,2
2025020809,24,25,10,10,2,4,1
2025020809,55,21,11,12,4,4,0
2025020810,2,24,13,16,5,6,0
2025020810,7,16,11,14,7,8,0
2025020811,18,29,13,13,4,4,1
2025020811,68,19,13,23,5,6,1
2025020812,6,21,14,17,2,11,3
2025020812,8,16,10,18,6,13,2
2025020813,9,34,14,13,8,8,0
2025020813,12,12,13,15,4,18,1
2025020814,14,22,9,19,5,6,1
2025020814,29,27,15,14,5,6,1
2025020815,17,22,14,14,6,2,0
2025020815,52,22,15,12,4,6,0
2025020816,19,20,20,12,3,11,1
2025020816,26,17,14,17,3,13,0
2025020817,13,17,15,13,3,17,2
2025020817,30,17,10,19,5,17,2
2025020818,15,8,17,16,5,10,1
2025020818,22,11,18,20,4,10,1
2025020819,10,28,16,14,6,4,1
2025020819,21,14,8,17,3,6,0
2025020820,1,13,16,16,3,23,2
2025020820,55,19,20,9,4,13,0
2025020821,9,34,18,9,3,2,0
2025020821,54,20,16,14,10,2,0
2025020822,5,27,14,18,2,4,0
2025020822,23,25,13,15,7,0,0
2025020823,13,25,5,14,7,6,0
2025020823,16,11,14,12,2,2,0
2025020824,20,28,18,20,3,4,1
2025020824,24,25,16,17,3,2,0
2025020825,14,18,20,10,3,17,2
2025020825,68,18,8,10,5,19,0
2025020826,3,34,12,12,5,2,0
2025020826,6,17,13,16,3,8,0
2025020827,2,15,11,11,7,8,1
2025020827,4,23,10,16,6,8,0
2025020828,26,25,13,18,4,8,0
2025020828,29,12,18,15,4,6,1
2025020829,22,13,10,19,6,8,1
2025020829,24,25,15,14,6,6,3
2025020830,6,25,11,19,4,10,0
2025020830,18,16,8,16,5,8,1
2025020831,7,16,19,23,5,0,1
2025020831,10,32,13,11,8,4,0
2025020832,8,24,18,8,5,6,0
2025020832,54,24,15,12,4,8,0
2025020833,17,11,15,15,6,6,0
2025020833,26,21,16,19,5,8,1
2025020834,13,31,7,15,4,10,0
2025020834,68,16,13,24,4,12,0
2025020835,1,14,11,11,5,4,1
2025020835,52,24,21,20,2,4,0
2025020836,19,43,16,13,5,6,0
2025020836,25,12,20,17,3,2,2
2025020837,16,10,5,13,6,2,0
2025020837,30,21,15,13,3,10,0
2025020838,23,30,18,14,7,15,1
2025020838,28,17,12,16,2,15,2
2025020839,15,17,16,20,3,13,1
2025020839,55,15,14,10,4,15,1
2025020840,4,21,18,9,5,4,0
2025020840,29,17,11,11,5,10,0
2025020841,9,31,10,13,8,0,0
2025020841,21,22,10,16,3,6,0
2025020842,2,23,16,15,3,6,2
2025020842,3,31,11,15,8,10,1
2025020843,4,36,17,17,4,8,1
2025020843,6,15,9,17,6,12,0
2025020844,7,9,13,16,6,28,1
2025020844,26,30,11,20,5,28,1
2025020845,8,22,21,14,6,6,1
2025020845,21,25,8,17,4,6,0
2025020846,15,26,22,6,4,6,0
2025020846,17,13,17,13,3,2,0
2025020847,14,18,9,17,4,6,0
2025020847,52,29,13,15,3,4,0
2025020848,1,27,19,16,6,4,0
2025020848,18,17,14,15,3,6,0
2025020849,2,16,17,11,3,8,0
2025020849,3,31,10,14,2,8,1
2025020850,5,18,12,17,8,8,0
2025020850,16,13,16,17,4,6,0
2025020851,12,23,8,17,6,4,2
2025020851,68,28,19,24,5,10,0
2025020852,13,17,8,11,4,19,2
2025020852,19,26,17,10,5,25,1
2025020853,20,16,17,18,6,9,0
2025020853,30,11,15,13,3,11,1
2025020854,22,24,8,14,3,6,0
2025020854,28,17,15,15,5,4,0
2025020855,23,10,13,11,1,6,0
2025020855,24,21,13,12,3,6,0
2025020856,25,29,23,19,8,2,0
2025020856,54,26,11,15,1,4,0
2025020857,10,20,9,18,5,4,1
2025020857,55,13,11,17,4,6,0
2025020858,16,13,15,16,3,4,0
2025020858,29,16,13,11,6,4,1
2025020859,4,29,16,18,4,2,1
2025020859,26,25,11,7,2,4,0
2025020860,17,16,14,13,4,6,0
2025020860,21,12,13,19,6,6,0
2025020861,3,26,10,12,2,12,1
2025020861,5,16,12,11,5,6,1
2025020862,13,30,7,9,4,8,0
2025020862,52,18,14,18,4,4,0
2025020863,20,21,18,9,5,10,1
2025020863,28,14,19,18,3,22,1
2025020864,12,29,18,14,6,8,0
2025020864,15,24,10,18,2,4,0
2025020865,7,24,7,16,4,6,1
2025020865,8,29,20,13,5,8,1
2025020866,1,22,9,17,5,8,0
2025020866,9,24,18,16,7,12,2
2025020867,2,23,10,18,4,6,0
2025020867,18,25,6,11,8,18,1
2025020868,19,21,10,17,3,4,1
2025020868,29,20,11,15,5,8,1
2025020869,10,17,10,14,4,2,0
2025020869,23,14,23,19,7,2,0
2025020870,25,25,12,10,4,4,2
2025020870,68,18,8,16,4,10,0
2025020871,22,24,17,6,5,6,0
2025020871,30,17,22,17,3,4,2
2025020872,54,24,11,16,2,2,1
2025020872,55,23,15,13,5,4,1
2025020873,6,20,19,14,2,25,1
2025020873,14,22,12,19,5,15,3
2025020874,12,11,12,13,6,10,1
2025020874,26,25,25,12,5,14,0
2025020875,24,28,16,15,6,4,1
2025020875,54,17,10,20,3,4,0
2025020876,7,23,20,17,2,8,1
2025020876,13,22,13,17,7,6,1
2025020877,5,25,17,18,6,8,0
2025020877,9,18,9,12,8,2,0
2025020878,2,18,12,13,4,13,0
2025020878,15,27,23,16,6,9,0
2025020879,8,16,13,11,6,6,0
2025020879,30,18,15,13,6,2,1
2025020880,18,15,11,13,4,4,1
2025020880,19,16,10,14,8,4,1
2025020881,16,14,9,13,4,8,1
2025020881,28,36,6,18,4,6,0
2025020882,25,24,19,14,4,6,1
2025020882,52,28,7,13,3,8,1
2025020883,17,27,17,9,5,4,0
2025020883,21,29,15,16,2,14,0
2025020884,23,21,10,19,6,14,0
2025020884,68,13,9,13,3,16,1
2025020885,10,14,27,13,7,4,0
2025020885,20,20,17,15,3,2,0
2025020886,7,13,9,22,9,4,1
2025020886,14,26,10,14,6,6,1
2025020887,1,18,11,13,4,6,0
2025020887,29,19,13,10,7,8,0
2025020888,2,22,12,14,3,4,0
2025020888,5,25,10,16,8,4,0
2025020889,4,21,25,21,3,2,1
2025020889,15,27,12,8,4,16,0
2025020890,9,20,16,15,7,4,2
2025020890,12,27,9,11,5,6,1
2025020891,10,13,19,18,4,9,2
2025020891,22,19,7,13,3,21,0
2025020892,24,16,14,18,5,4,0
2025020892,55,12,20,12,6,20,0
2025020893,6,24,12,21,4,15,1
2025020893,13,26,20,16,4,25,2
2025020894,16,14,12,17,3,4,0
2025020894,29,12,11,7,6,8,0
2025020895,8,21,11,11,8,8,1
2025020895,52,15,16,21,1,4,1
2025020896,18,14,17,17,6,9,2
2025020896,30,26,12,15,2,11,1
2025020897,21,16,6,12,7,8,0
2025020897,28,24,21,22,5,8,0
2025020898,17,24,5,10,4,11,1
2025020898,68,15,15,9,3,13,1
2025020899,19,28,10,18,5,8,1
2025020899,25,24,18,13,2,10,1
2025020900,20,19,13,19,5,15,2
2025020900,22,6,11,7,4,13,2
2025020901,23,21,9,18,5,2,0
2025020901,54,18,11,20,5,2,0
2025020902,26,18,15,11,4,16,2
2025020902,55,17,17,12,5,12,2
2025020903,5,20,8,17,6,15,0
2025020903,7,16,10,14,4,11,1
2025020904,13,17,5,15,3,76,1
2025020904,14,34,16,17,5,91,1
2025020905,1,13,14,22,5,2,0
2025020905,2,25,12,16,5,2,0
2025020906,3,27,21,15,4,6,0
2025020906,12,11,10,17,5,4,0
2025020907,4,23,6,20,3,2,0
2025020907,9,20,18,15,5,2,0
2025020908,15,26,18,14,3,8,2
2025020908,18,18,8,15,4,12,0
2025020909,26,18,12,19,7,9,0
2025020909,54,17,21,18,7,15,1
2025020910,1,24,13,17,4,11,0
2025020910,7,21,10,18,4,7,0
2025020911,4,26,19,13,2,2,0
2025020911,15,25,14,16,5,4,0
2025020912,10,18,17,15,7,8,1
2025020912,14,17,11,9,3,4,0
2025020913,25,25,11,17,3,15,1
2025020913,55,21,12,20,5,11,0
2025020914,21,11,17,16,7,8,1
2025020914,68,21,15,15,4,6,1
2025020915,23,24,21,16,6,4,0
2025020915,52,20,7,16,3,2,0
2025020916,26,24,14,13,5,19,1
2025020916,54,26,24,8,3,7,1
2025020917,22,21,11,15,5,10,1
2025020917,24,23,15,22,8,4,1
2025020918,6,20,20,13,8,2,1
2025020918,29,24,11,18,6,6,0
2025020919,2,26,20,14,4,6,1
2025020919,8,22,20,11,3,4,2
2025020920,9,30,25,14,6,23,1
2025020920,17,18,21,8,4,13,1
2025020921,10,21,12,15,4,8,1
2025020921,13,19,10,13,3,8,1
2025020922,1,26,11,18,3,6,0
2025020922,5,15,20,15,6,8,1
2025020923,12,23,16,18,7,4,1
2025020923,14,15,20,20,6,4,1
2025020924,3,23,15,9,4,15,0
2025020924,4,23,11,15,4,11,1
2025020925,19,20,12,13,2,4,0
2025020925,55,13,11,17,2,0,0
2025020926,16,15,6,15,2,4,1
2025020926,18,26,12,13,6,12,1
2025020927,21,24,12,19,5,12,0
2025020927,30,24,13,16,6,6,2
2025020928,20,16,23,21,3,4,0
2025020928,28,33,7,15,4,6,0
2025020929,22,11,14,10,4,4,2
2025020929,26,21,11,12,3,6,0
2025020930,7,14,18,14,7,6,1
2025020930,13,20,16,15,3,4,1
2025020931,15,17,17,19,4,4,0
2025020931,54,20,12,19,3,8,1
2025020932,30,18,19,17,7,8,1
2025020932,68,12,8,15,6,6,1
2025020933,24,23,15,12,8,13,1
2025020933,52,14,6,13,4,9,1
2025020934,3,28,11,15,4,16,1
2025020934,5,15,19,14,6,4,1
2025020935,4,29,14,17,7,11,0
2025020935,6,25,21,10,2,9,0
2025020936,22,24,10,18,3,4,1
2025020936,28,22,15,20,6,6,1
2025020937,2,22,20,9,4,0,0
2025020937,29,32,20,20,4,2,0
2025020938,16,20,13,16,4,8,1
2025020938,21,13,11,18,5,8,0
2025020939,9,27,6,12,6,15,1
2025020939,10,24,15,13,5,25,0
2025020940,8,13,12,16,3,10,0
2025020940,15,20,13,14,4,8,0
2025020941,7,16,14,15,2,12,1
2025020941,14,28,5,11,6,28,0
2025020942,12,20,6,19,8,4,1
2025020942,17,26,23,14,2,10,0
2025020943,1,12,12,18,8,6,1
2025020943,19,29,11,12,4,4,0
2025020944,20,20,14,10,4,0,0
2025020944,26,26,20,16,5,0,0
2025020945,18,26,16,14,5,11,1
2025020945,25,20,13,14,2,11,1
2025020946,23,10,9,18,7,16,0
2025020946,55,18,8,9,2,6,1
2025020947,5,19,18,23,6,9,2
2025020947,54,28,14,16,6,11,0
2025020948,2,25,17,13,6,6,0
2025020948,13,23,13,12,5,2,1
2025020949,16,10,13,12,9,6,1
2025020949,68,21,10,19,2,18,0
2025020950,28,25,8,11,3,6,0
2025020950,52,20,16,12,7,8,0
2025020951,19,19,6,15,4,4,0
2025020951,30,13,11,18,7,2,1
2025020952,20,14,22,14,5,10,1
2025020952,24,25,15,22,7,6,1
2025020953,3,27,13,10,6,0,0
2025020953,29,15,21,13,3,2,1
2025020954,4,19,14,17,8,4,1
2025020954,10,26,16,13,4,6,1
2025020955,17,14,19,16,5,6,0
2025020955,18,18,8,10,2,4,1
2025020956,23,19,14,20,3,4,0
2025020956,25,19,8,14,4,4,1
2025020957,12,13,6,19,5,6,0
2025020957,55,31,22,17,6,2,0
2025020958,21,13,11,23,2,4,1
2025020958,26,36,23,13,5,4,1
2025020959,5,24,23,11,4,6,0
2025020959,6,23,12,16,4,4,0
2025020960,7,15,10,14,9,2,0
2025020960,54,28,10,13,5,2,0
2025020961,1,17,10,13,6,10,0
2025020961,13,33,9,14,4,10,0
2025020962,15,28,36,21,5,4,2
2025020962,68,15,15,10,5,4,2
2025020963,18,12,16,14,6,6,1
2025020963,29,14,16,11,4,4,0
2025020964,16,19,18,14,3,4,1
2025020964,52,28,11,10,4,6,0
2025020965,20,18,20,22,5,12,0
2025020965,25,16,11,16,5,8,1
2025020966,9,14,9,15,5,11,1
2025020966,22,24,14,21,3,11,2
2025020967,14,25,13,8,3,18,0
2025020967,30,22,15,11,4,8,1
2025020968,21,16,11,12,5,6,1
2025020968,24,24,10,17,3,6,0
2025020969,8,20,18,12,4,10,2
2025020969,28,21,9,17,6,14,2
2025020970,17,11,16,13,5,4,0
2025020970,54,19,10,10,4,8,1
2025020971,1,10,11,16,7,6,0
2025020971,10,16,13,15,6,6,1
2025020972,12,13,11,11,4,10,2
2025020972,23,30,17,18,2,8,2
2025020973,2,19,16,18,7,8,1
2025020973,24,28,13,15,6,8,1
2025020974,19,18,12,12,4,8,0
2025020974,55,21,13,13,6,4,0
2025020975,3,22,9,13,5,2,1
2025020975,10,27,24,12,3,4,0
2025020976,4,29,17,12,4,4,0
2025020976,68,21,18,19,4,6,1
2025020977,5,18,11,17,2,23,0
2025020977,7,20,11,13,3,10,1
2025020978,13,19,6,15,3,8,1
2025020978,29,16,20,13,3,8,1
2025020979,6,27,15,14,3,10,1
2025020979,18,23,18,10,6,10,1
2025020980,14,23,17,16,1,4,1
2025020980,52,26,15,17,8,4,0
2025020981,9,18,14,13,5,6,1
2025020981,20,18,17,16,3,8,0
2025020982,2,20,17,14,4,6,0
2025020982,26,24,21,9,6,2,1
2025020983,13,29,17,14,4,6,1
2025020983,17,11,10,12,5,6,1
2025020984,21,24,11,15,2,6,2
2025020984,25,19,17,14,8,10,1
2025020985,16,17,4,13,3,10,0
2025020985,23,20,8,13,6,8,1
2025020986,12,15,9,17,8,4,0
2025020986,22,27,18,13,2,6,1
2025020987,8,21,15,16,3,4,1
2025020987,24,17,12,13,4,8,1
2025020988,30,22,10,10,4,26,0
2025020988,54,14,18,13,3,16,1
2025020989,19,19,12,17,5,14,0
2025020989,28,25,9,22,5,14,0
2025020990,6,21,13,18,3,6,1
2025020990,15,18,20,13,5,12,0
2025020991,1,9,12,13,2,10,3
2025020991,3,23,11,20,5,8,0
2025020992,7,20,17,14,5,8,0
2025020992,18,15,11,13,8,6,1
2025020993,4,26,15,12,4,17,0
2025020993,5,19,5,14,6,9,1
2025020994,10,22,11,15,4,11,0
2025020994,14,26,11,12,5,11,1
2025020995,29,25,11,19,5,34,0
2025020995,68,13,25,19,7,16,0
2025020996,23,25,17,24,3,4,0
2025020996,52,15,5,16,3,0,1
2025020997,8,21,16,10,3,6,1
2025020997,26,32,13,13,8,2,0
2025020998,12,20,12,18,7,8,1
2025020998,20,26,10,13,6,6,1
2025020999,2,28,12,15,6,4,0
2025020999,28,27,21,15,3,6,0
2025021000,9,26,8,10,5,23,0
2025021000,55,28,18,15,6,6,1
2025021001,21,20,14,8,5,8,0
2025021001,30,25,21,19,4,10,1
2025021002,5,24,13,18,7,8,1
2025021002,6,17,16,16,5,6,1
2025021003,7,27,15,14,5,45,4
2025021003,14,40,6,11,2,57,1
2025021004,16,10,22,19,6,6,0
2025021004,25,27,8,13,5,2,1
2025021005,1,19,6,12,4,10,0
2025021005,17,17,15,17,6,6,1
2025021006,19,8,14,15,2,27,1
2025021006,24,20,16,18,5,14,0
2025021007,22,26,19,12,5,8,0
2025021007,54,15,11,12,4,6,0
2025021008,3,17,8,12,4,6,3
2025021008,4,32,11,9,3,8,1
2025021009,15,20,22,19,7,0,1
2025021009,20,15,13,14,5,6,0
2025021010,16,20,14,11,7,4,1
2025021010,68,24,10,16,5,8,0
2025021011,9,22,9,10,2,6,0
2025021011,23,28,9,12,9,6,0
2025021012,6,21,13,16,4,9,0
2025021012,26,22,17,12,5,13,0
2025021013,7,21,14,13,7,18,0
2025021013,28,23,16,15,4,24,1
2025021014,8,20,18,11,8,11,0
2025021014,10,23,15,11,3,11,0
2025021015,14,29,8,11,2,15,0
2025021015,29,21,15,16,9,13,2
2025021016,13,31,10,14,6,4,0
2025021016,17,16,18,14,4,6,0
2025021017,3,23,16,13,6,4,1
2025021017,20,25,9,20,4,6,0
2025021018,5,16,20,20,3,12,1
2025021018,12,28,14,15,7,12,1
2025021019,2,25,12,12,4,2,2
2025021019,19,21,12,13,5,8,0
2025021020,25,25,17,11,2,6,1
2025021020,54,32,10,12,2,10,0
2025021021,30,22,12,16,8,11,0
2025021021,68,14,16,19,3,13,0
2025021022,24,15,11,12,4,6,0
2025021022,52,15,12,12,3,4,0
2025021023,21,11,8,15,4,26,1
2025021023,22,22,22,21,6,11,2
2025021024,18,13,8,13,5,7,0
2025021024,55,23,18,13,7,7,0
2025021025,8,31,25,24,5,8,1
2025021025,9,33,11,9,6,6,1
2025021026,4,16,16,11,3,14,0
2025021026,15,20,11,10,3,10,1
2025021027,6,17,8,12,5,14,0
2025021027,28,27,18,17,5,24,1
2025021028,7,24,11,12,5,4,0
2025021028,15,22,17,14,9,4,0
2025021029,10,34,13,20,6,46,3
2025021029,24,15,9,9,7,41,0
2025021030,14,22,14,16,2,2,1
2025021030,17,21,20,10,10,2,0
2025021031,13,23,17,23,5,4,2
2025021031,29,13,10,13,7,4,0
2025021032,1,14,8,15,4,0,2
2025021032,20,22,20,18,5,6,0
2025021033,12,16,12,11,7,2,0
2025021033,19,18,9,16,5,4,0
2025021034,22,24,7,24,3,24,0
2025021034,25,14,7,14,7,22,2
2025021035,4,21,10,19,8,6,0
2025021035,30,32,11,16,3,6,1
2025021036,3,24,18,19,6,2,1
2025021036,52,23,15,18,1,4,0
2025021037,16,15,17,12,8,4,1
2025021037,68,35,11,12,8,4,0
2025021038,18,22,16,13,4,4,0
2025021038,23,17,11,14,6,6,0
2025021039,5,12,12,16,6,10,0
2025021039,54,27,21,21,2,12,0
2025021040,21,17,19,21,4,4,1
2025021040,55,16,10,16,4,6,0
2025021041,2,23,14,9,5,8,0
2025021041,26,23,23,11,4,10,0
2025021042,19,18,12,15,6,6,0
2025021042,22,22,13,14,5,2,0
2025021043,9,23,17,23,10,8,0
2025021043,24,24,12,16,4,8,0
2025021044,6,19,14,15,4,10,0
2025021044,15,20,12,14,4,12,0
2025021045,21,17,5,13,3,2,0
2025021045,52,20,24,16,8,4,0
2025021046,3,13,21,15,2,18,1
2025021046,30,24,10,9,2,10,1
2025021047,7,21,9,13,5,15,1
2025021047,10,35,22,19,6,19,0
2025021048,8,22,9,21,4,0,0
2025021048,28,23,14,22,5,4,0
2025021049,12,27,10,11,9,13,0
2025021049,14,26,14,14,4,11,0
2025021050,1,16,14,17,4,6,2
2025021050,26,22,13,13,2,6,2
2025021051,2,22,18,16,7,4,0
2025021051,20,9,10,15,6,2,0
2025021052,4,20,19,16,4,9,0
2025021052,29,25,18,17,6,15,0
2025021053,17,20,17,13,4,12,0
2025021053,25,21,12,12,4,10,1
2025021054,5,21,18,17,1,6,2
2025021054,68,31,8,12,7,12,1
2025021055,23,24,16,22,4,6,0
2025021055,55,20,9,9,4,4,1
2025021056,16,20,7,16,4,24,0
2025021056,54,20,7,12,4,22,2
2025021057,19,13,6,13,3,6,0
2025021057,52,26,15,15,4,2,0
2025021058,9,30,12,11,4,4,2
2025021058,28,23,19,20,5,6,0
2025021059,8,14,20,19,7,4,0
2025021059,24,17,15,8,3,10,0
2025021060,10,14,28,22,4,8,0
2025021060,30,22,13,16,6,6,0
2025021061,18,12,9,17,5,13,0
2025021061,22,26,9,13,4,13,1
2025021062,13,26,9,11,1,8,0
2025021062,55,17,14,11,7,8,1
2025021063,17,26,13,12,6,13,1
2025021063,20,20,13,13,4,17,0
2025021064,1,20,9,19,6,20,0
2025021064,6,22,19,18,6,18,0
2025021065,3,20,12,19,4,4,1
2025021065,26,26,12,14,5,4,1
2025021066,25,26,16,17,3,16,0
2025021066,68,26,5,18,3,16,1
2025021067,5,19,19,18,5,15,1
2025021067,21,11,12,15,4,11,0
2025021068,2,9,8,11,5,11,2
2025021068,10,20,13,13,1,17,0
2025021069,6,32,15,19,3,2,1
2025021069,8,26,12,11,6,8,0
2025021070,12,29,18,17,3,17,0
2025021070,29,11,23,17,4,9,2
2025021071,18,21,17,8,6,8,1
2025021071,52,16,13,11,3,2,1
2025021072,16,9,15,15,5,2,0
2025021072,30,23,14,13,6,4,1
2025021073,22,17,8,16,5,2,1
2025021073,28,22,16,13,4,8,0
2025021074,13,27,10,20,5,28,0
2025021074,23,20,12,14,7,24,2
2025021075,7,19,14,12,6,8,0
2025021075,54,28,12,19,2,6,0
2025021076,14,21,7,16,5,11,1
2025021076,55,23,20,20,4,11,0
2025021077,1,14,11,17,6,4,2
2025021077,3,25,8,23,5,8,0
2025021078,5,24,16,16,5,6,1
2025021078,12,26,9,16,5,10,1
2025021079,9,15,12,12,2,4,0
2025021079,15,25,20,12,5,6,1
2025021080,21,29,6,11,5,4,1
2025021080,25,25,20,14,6,6,0
2025021081,19,26,11,20,7,14,0
2025021081,20,17,10,13,6,10,0
2025021082,4,19,20,20,7,15,0
2025021082,24,20,11,12,2,15,1
2025021083,6,24,10,11,5,8,0
2025021083,52,10,8,18,4,2,1
2025021084,2,19,10,13,5,14,0
2025021084,9,29,17,15,5,18,0
2025021085,8,27,14,18,2,8,1
2025021085,17,35,12,19,8,8,0
2025021086,3,21,12,18,5,8,1
2025021086,29,11,8,11,10,12,1
2025021087,18,18,8,14,4,6,1
2025021087,55,14,13,16,3,6,0
2025021088,16,10,10,11,4,18,0
2025021088,30,23,13,15,4,18,0
2025021089,13,21,9,17,3,4,1
2025021089,22,28,14,16,7,4,0
2025021090,14,12,14,14,6,4,0
2025021090,23,25,6,12,5,2,0
2025021091,54,22,12,13,6,9,0
2025021091,68,25,9,23,3,9,0
2025021092,7,14,14,10,4,4,0
2025021092,28,27,16,19,6,4,0
2025021093,4,20,22,16,7,8,0
2025021093,26,18,17,13,3,4,1
2025021094,10,21,21,14,5,10,0
2025021094,12,20,11,9,5,4,1
2025021095,1,18,14,17,5,2,0
2025021095,15,17,11,18,4,4,0
2025021096,16,19,21,15,4,10,0
2025021096,21,19,6,14,6,6,2
2025021097,13,27,7,11,4,25,0
2025021097,20,18,11,16,6,6,2
2025021098,24,20,28,14,5,21,0
2025021098,68,18,12,17,2,17,0
2025021099,5,29,14,13,5,0,0
2025021099,52,15,12,15,4,4,0
2025021100,18,13,15,14,8,12,2
2025021100,54,13,8,13,2,12,1
2025021101,25,25,15,10,3,6,1
2025021101,30,36,22,16,2,12,0
2025021102,7,15,16,10,7,6,1
2025021102,26,27,15,11,4,0,1
2025021103,4,23,17,11,6,16,1
2025021103,28,19,10,14,4,20,1
2025021104,29,15,13,10,5,2,0
2025021104,55,14,13,19,4,6,1
2025021105,2,34,11,11,3,30,2
2025021105,8,25,18,13,4,28,3
2025021106,9,22,13,14,10,8,1
2025021106,10,17,6,17,2,10,0
2025021107,19,18,15,13,6,4,1
2025021107,23,26,16,14,1,6,1
2025021108,6,21,12,16,4,8,1
2025021108,17,22,13,9,3,6,1
2025021109,14,11,13,19,5,18,1
2025021109,22,28,17,17,2,18,0
2025021110,3,31,12,19,5,8,1
2025021110,52,19,9,11,3,6,1
2025021111,15,18,14,11,2,4,1
2025021111,21,15,5,13,7,10,0
2025021112,5,29,12,17,3,14,0
2025021112,12,21,14,12,6,8,3
2025021113,16,19,5,16,8,6,0
2025021113,18,29,10,17,8,6,0
2025021114,2,24,16,16,5,0,0
2025021114,29,24,16,14,1,6,0
2025021115,25,24,25,11,5,6,1
2025021115,54,26,12,14,3,6,1
2025021116,14,16,4,17,5,0,0
2025021116,20,23,16,19,3,2,0
2025021117,7,12,8,11,2,6,0
2025021117,24,23,13,13,9,6,3
2025021118,26,30,14,16,5,2,0
2025021118,68,31,20,13,7,2,0
2025021119,3,39,8,17,4,16,0
2025021119,9,20,12,16,5,6,1
2025021120,6,16,6,27,3,16,1
2025021120,10,22,8,12,6,17,2
2025021121,8,22,23,12,4,6,0
2025021121,12,19,11,16,5,8,1
2025021122,9,26,9,18,6,15,1
2025021122,17,13,14,16,4,11,1
2025021123,13,34,11,16,8,2,0
2025021123,55,15,18,13,5,2,0
2025021124,2,31,12,9,3,4,0
2025021124,16,17,14,15,4,4,0
2025021125,4,13,11,14,3,11,0
2025021125,29,25,10,15,8,9,0
2025021126,5,16,10,15,6,8,0
2025021126,21,14,20,23,2,10,1
2025021127,14,20,10,10,2,20,3
2025021127,30,20,19,17,7,20,2
2025021128,15,17,19,19,6,28,0
2025021128,19,18,12,14,5,15,0
2025021129,18,20,16,16,6,8,1
2025021129,28,28,10,15,4,4,1
2025021130,1,15,22,12,4,8,0
2025021130,25,21,13,15,9,6,1
2025021131,52,22,9,9,6,13,0
2025021131,54,11,14,10,4,13,1
2025021132,22,19,24,14,4,4,0
2025021132,68,16,20,13,4,0,1
2025021133,20,19,16,15,4,4,1
2025021133,26,22,14,16,6,6,0
2025021134,23,13,8,14,4,6,2
2025021134,24,21,7,18,8,6,1
2025021135,6,28,19,15,3,10,0
2025021135,7,21,13,11,4,8,2
2025021136,3,25,12,14,3,4,2
2025021136,10,25,17,13,5,8,0
2025021137,8,24,17,8,3,4,0
2025021137,29,27,8,16,5,6,0
2025021138,5,15,15,18,8,2,1
2025021138,9,31,12,18,3,4,1
2025021139,14,19,9,17,4,13,1
2025021139,55,20,27,11,6,13,0
2025021140,13,21,9,13,5,2,0
2025021140,30,15,20,13,4,2,0
2025021141,2,15,15,17,4,4,0
2025021141,25,21,10,18,5,6,0
2025021142,4,22,11,14,6,6,0
2025021142,16,13,8,13,1,8,0
2025021143,19,27,21,12,5,9,0
2025021143,28,27,13,22,5,21,0
2025021144,1,21,17,14,5,2,1
2025021144,18,13,13,13,3,24,0
2025021145,21,14,7,14,4,15,1
2025021145,52,25,22,14,3,13,0
2025021146,15,19,17,15,4,32,1
2025021146,68,20,10,15,5,50,2
2025021147,20,17,21,24,7,6,0
2025021147,24,22,14,16,6,2,2
2025021148,22,15,14,13,5,15,0
2025021148,54,21,20,15,8,13,0
2025021149,23,14,13,16,4,39,0
2025021149,26,23,13,10,2,29,1
2025021150,7,27,6,16,6,14,0
2025021150,17,11,14,18,6,8,2
2025021151,3,22,9,14,6,13,1
2025021151,16,12,9,20,3,13,0
2025021152,9,23,24,18,7,10,0
2025021152,14,21,12,15,1,6,0
2025021153,2,13,18,17,3,2,1
2025021153,13,21,10,17,4,6,0
2025021154,22,22,18,15,1,6,0
2025021154,24,15,15,10,6,6,0
2025021155,6,20,23,17,3,13,0
2025021155,30,19,11,22,7,11,1
2025021156,5,19,13,17,3,8,1
2025021156,25,12,24,12,4,6,2
2025021157,1,26,15,17,4,2,0
2025021157,12,12,9,21,7,6,1
2025021158,28,16,8,25,4,2,1
2025021158,29,17,11,12,6,4,0
2025021159,7,27,10,18,6,13,1
2025021159,55,14,17,13,6,11,0
2025021160,10,23,10,25,6,4,0
2025021160,19,13,6,8,3,6,1
2025021161,8,20,16,19,5,8,0
2025021161,18,25,7,18,3,16,0
2025021162,21,21,16,14,5,6,1
2025021162,52,32,18,13,7,8,0
2025021163,4,25,14,14,4,6,2
2025021163,17,22,9,12,6,16,0
2025021164,26,36,24,17,2,6,0
2025021164,68,21,13,12,6,4,2
2025021165,20,18,11,21,5,13,2
2025021165,23,32,12,19,8,11,1
2025021166,15,18,13,20,8,8,2
2025021166,54,15,11,19,3,12,1
2025021167,3,24,21,15,6,11,0
2025021167,13,15,10,9,4,7,0
2025021168,14,18,13,13,6,18,0
2025021168,18,19,12,15,3,8,0
2025021169,8,21,32,13,4,4,1
2025021169,12,29,12,12,4,6,1
2025021170,6,21,14,14,4,16,2
2025021170,29,23,24,15,5,20,1
2025021171,1,23,14,23,6,6,1
2025021171,16,13,20,15,2,4,1
2025021172,4,31,10,12,7,4,1
2025021172,25,14,5,9,4,6,0
2025021173,2,16,14,13,5,9,1
2025021173,5,16,17,16,6,11,0
2025021174,20,15,15,15,5,8,0
2025021174,21,15,12,16,6,2,3
2025021175,23,25,15,6,2,11,1
2025021175,54,33,4,10,4,9,0
2025021176,10,28,15,14,4,64,2
2025021176,24,15,10,23,6,32,1
2025021177,19,15,15,11,1,8,2
2025021177,28,18,15,11,3,6,3
2025021178,6,24,8,20,4,6,1
2025021178,25,24,12,17,4,4,1
2025021179,2,26,10,12,6,15,1
2025021179,7,25,15,19,1,13,2
2025021180,8,23,17,8,4,32,1
2025021180,14,21,9,17,4,30,0
2025021181,9,17,6,15,4,6,0
2025021181,13,18,14,11,1,23,2
2025021182,1,19,10,21,6,13,1
2025021182,3,33,17,13,4,13,1
2025021183,5,18,13,13,6,9,0
2025021183,17,32,13,17,5,11,1
2025021184,4,34,11,18,3,10,0
2025021184,15,25,21,9,7,12,2
2025021185,12,18,10,16,5,6,3
2025021185,29,23,15,12,4,8,0
2025021186,16,20,9,12,7,2,0
2025021186,52,27,12,12,5,4,1
2025021187,22,17,16,8,7,6,0
2025021187,55,13,8,12,5,2,0
2025021188,21,11,8,21,2,6,0
2025021188,23,21,14,8,5,4,1
2025021189,19,15,14,16,4,11,0
2025021189,26,26,23,19,7,11,1
2025021190,24,20,15,9,5,11,0
2025021190,28,25,9,16,9,13,1
2025021191,7,24,16,12,4,19,0
2025021191,9,32,10,10,3,9,0
2025021192,5,21,18,15,4,8,1
2025021192,14,18,10,17,4,10,0
2025021193,6,22,18,20,4,2,0
2025021193,13,22,18,11,6,4,0
2025021194,1,12,18,23,3,18,1
2025021194,15,18,17,13,5,16,1
2025021195,3,27,5,18,5,4,0
2025021195,8,22,13,15,3,4,0
2025021196,4,31,9,13,3,4,0
2025021196,17,21,16,12,6,2,1
2025021197,12,19,19,18,5,8,1
2025021197,29,18,14,17,8,6,0
2025021198,25,20,15,21,5,23,1
2025021198,52,14,5,11,3,19,0
2025021199,23,22,11,16,4,4,1
2025021199,30,17,19,18,2,4,0
2025021200,16,9,14,13,7,6,0
2025021200,22,18,20,12,3,2,1
2025021201,20,24,21,14,3,12,0
2025021201,54,23,9,24,4,4,1
2025021202,10,21,16,14,7,4,1
2025021202,28,17,16,18,4,2,0
2025021203,55,24,11,11,4,12,0
2025021203,68,13,13,20,7,6,3
2025021204,18,19,16,11,7,6,0
2025021204,26,32,15,19,1,6,0
2025021205,2,26,10,13,5,4,0
2025021205,4,25,23,13,5,6,0
2025021206,19,19,14,14,6,8,2
2025021206,24,25,10,16,4,10,0
2025021207,3,23,17,12,4,13,1
2025021207,17,14,15,10,4,9,0
2025021208,9,18,11,14,6,14,0
2025021208,30,30,13,10,5,16,0
2025021209,21,22,11,15,8,6,0
2025021209,25,17,12,11,1,4,0
2025021210,6,11,14,15,4,2,0
2025021210,14,20,13,11,3,8,0
2025021211,5,10,11,17,6,5,3
2025021211,13,18,14,21,0,11,0
2025021212,1,17,13,13,1,10,0
2025021212,8,16,6,12,6,2,1
2025021213,7,17,8,17,3,14,0
2025021213,15,14,11,17,9,20,0
2025021214,2,23,19,15,4,8,0
2025021214,12,21,7,6,5,4,0
2025021215,29,16,16,11,3,2,0
2025021215,52,28,12,17,3,2,0
2025021216,23,21,10,17,4,12,2
2025021216,68,15,15,10,4,12,1
2025021217,10,27,16,10,4,12,2
2025021217,26,18,12,12,2,12,0
2025021218,22,34,11,14,3,4,0
2025021218,54,16,15,19,8,6,1
2025021219,20,27,16,20,3,6,0
2025021219,24,21,13,12,6,2,1
2025021220,18,25,17,13,6,14,2
2025021220,28,32,17,14,4,14,0
2025021221,16,17,20,16,6,4,1
2025021221,55,16,12,13,6,6,0
2025021222,17,18,8,14,4,4,0
2025021222,30,25,25,12,4,2,1
2025021223,5,7,16,13,4,21,1
2025021223,13,28,9,14,4,23,1
2025021224,4,21,14,8,5,4,1
2025021224,6,19,12,18,4,12,1
2025021225,9,28,22,18,5,4,2
2025021225,12,30,11,16,3,4,1
2025021226,1,20,19,19,7,45,0
2025021226,8,27,11,13,3,11,0
2025021227,3,23,13,16,5,21,2
2025021227,15,26,20,8,4,23,0
2025021228,19,14,12,16,4,6,0
2025021228,21,13,9,15,4,8,0
2025021229,7,22,10,11,4,14,0
2025021229,14,28,10,17,5,12,1
2025021230,52,27,11,13,3,0,3
2025021230,55,16,10,14,5,6,0
2025021231,16,8,12,14,5,4,1
2025021231,28,27,8,18,2,6,0
2025021232,18,24,20,18,3,0,1
2025021232,26,18,18,13,6,4,0
2025021233,8,26,11,13,5,4,1
2025021233,13,29,18,13,7,8,0
2025021234,9,19,12,11,4,4,2
2025021234,14,15,12,18,4,6,0
2025021235,17,26,25,14,5,8,1
2025021235,29,20,23,15,6,4,1
2025021236,1,17,3,18,7,4,0
2025021236,4,15,15,20,1,4,1
2025021237,6,18,10,22,2,8,0
2025021237,12,30,11,17,4,2,1
2025021238,19,22,14,19,5,2,0
2025021238,21,11,16,11,2,6,0
2025021239,20,13,14,20,7,10,1
2025021239,25,19,16,16,5,4,1
2025021240,30,15,18,20,5,13,0
2025021240,55,9,11,14,3,9,0
2025021241,22,24,13,14,2,6,1
2025021241,68,19,6,27,5,6,1
2025021242,23,27,16,9,7,2,0
2025021242,54,22,20,11,1,4,0
2025021243,18,11,16,16,3,12,1
2025021243,24,19,9,16,4,8,0
2025021244,3,26,11,12,4,8,2
2025021244,7,19,19,15,6,6,0
2025021245,10,13,12,16,4,4,0
2025021245,15,16,18,14,7,6,0
2025021246,22,33,12,12,2,2,3
2025021246,28,19,15,19,7,6,1
2025021247,7,15,20,10,4,8,0
2025021247,29,18,9,16,4,4,0
2025021248,8,34,9,15,6,55,0
2025021248,14,29,13,17,5,71,0
2025021249,9,21,14,10,3,2,1
2025021249,13,28,13,11,4,2,0
2025021250,4,30,13,12,3,12,1
2025021250,17,20,12,9,4,16,3
2025021251,1,12,18,19,5,2,0
2025021251,5,7,8,15,4,2,0
2025021252,2,24,11,16,3,2,2
2025021252,10,21,13,12,3,20,1
2025021253,19,19,10,14,3,2,1
2025021253,52,14,13,10,2,8,0
2025021254,25,18,13,12,4,20,0
2025021254,30,25,11,8,5,12,3
2025021255,12,14,10,15,5,10,0
2025021255,16,14,16,18,3,4,0
2025021256,20,19,19,14,4,6,0
2025021256,21,11,12,12,3,4,1
2025021257,18,18,11,18,2,16,1
2025021257,68,21,12,15,4,4,1
2025021258,24,19,22,14,9,2,2
2025021258,28,33,9,20,4,8,0
2025021259,54,23,15,18,7,2,1
2025021259,55,20,13,13,8,2,1
2025021260,23,21,11,17,4,2,0
2025021260,26,19,15,17,3,2,0
2025021261,6,23,13,16,5,4,0
2025021261,14,27,14,20,8,4,0
2025021262,2,26,12,10,5,15,0
2025021262,9,27,15,12,3,15,1
2025021263,5,21,16,18,3,4,0
2025021263,15,17,15,17,3,0,1
2025021264,22,28,16,14,6,4,0
2025021264,26,30,21,10,4,4,0
2025021265,1,13,11,11,2,2,0
2025021265,17,21,14,11,3,0,0
2025021266,16,9,12,15,6,2,0
2025021266,19,14,9,23,4,4,1
2025021267,18,18,15,16,5,4,0
2025021267,30,21,14,12,4,4,0
2025021268,3,22,9,13,6,15,0
2025021268,25,14,19,12,3,17,1
2025021269,12,17,18,10,4,15,1
2025021269,68,24,16,18,5,11,1
2025021270,10,26,14,12,4,0,1
2025021270,13,23,15,10,3,2,0
2025021271,8,22,18,14,1,12,1
2025021271,29,15,11,17,5,12,1
2025021272,4,25,17,10,5,6,0
2025021272,52,20,13,23,6,4,0
2025021273,20,13,17,6,5,4,0
2025021273,55,12,11,15,7,2,0
2025021274,21,13,20,17,5,6,1
2025021274,54,18,12,10,7,6,1
2025021275,23,18,12,20,3,4,2
2025021275,28,28,13,16,4,6,0
2025021276,5,10,13,14,8,2,0
2025021276,15,18,15,19,5,4,0
2025021277,2,16,11,9,4,6,0
2025021277,8,23,13,11,5,6,1
2025021278,6,12,11,14,4,6,0
2025021278,29,20,4,13,3,0,0
2025021279,1,12,7,21,2,8,1
2025021279,9,16,9,11,8,8,1
2025021280,23,16,10,15,4,14,2
2025021280,24,26,9,20,6,16,1
2025021281,20,7,16,18,5,4,0
2025021281,68,20,13,21,8,4,0
2025021282,14,12,15,16,2,6,0
2025021282,17,12,10,10,5,2,0
2025021283,3,28,14,12,3,4,0
2025021283,13,31,12,10,1,6,0
2025021284,4,32,23,15,5,2,1
2025021284,12,27,14,18,7,4,1
2025021285,10,27,10,12,3,6,1
2025021285,25,11,11,18,7,4,1
2025021286,19,15,6,17,5,13,0
2025021286,30,23,8,14,2,13,1
2025021287,18,18,11,11,6,2,0
2025021287,28,28,14,18,3,2,1
2025021288,7,20,10,12,8,8,0
2025021288,16,8,8,23,2,4,0
2025021289,21,12,15,16,3,6,0
2025021289,22,22,26,12,3,6,0
2025021290,52,16,12,9,3,18,1
2025021290,54,16,10,14,6,14,2
2025021291,26,16,18,18,2,7,1
2025021291,55,20,11,11,5,11,0
2025021292,1,8,9,24,3,0,0
2025021292,6,13,22,14,7,2,0
2025021293,2,10,7,20,3,2,0
2025021293,12,11,17,16,3,4,0
2025021294,4,21,15,21,4,10,0
2025021294,8,26,7,10,3,4,0
2025021295,15,14,11,12,2,0,1
2025021295,29,3,16,23,7,6,0
2025021296,24,16,7,27,4,4,1
2025021296,30,25,16,10,8,8,0
2025021297,52,17,15,14,3,10,2
2025021297,68,19,8,18,6,6,2
2025021298,20,13,10,17,6,6,0
2025021298,21,9,8,18,5,4,0
2025021299,5,15,10,21,7,6,0
2025021299,19,20,14,15,4,4,1
2025021300,23,20,8,17,3,11,1
2025021300,26,18,13,10,3,11,0
2025021301,7,23,14,13,4,6,0
2025021301,25,21,14,11,8,6,1
2025021302,3,23,16,12,4,10,1
2025021302,14,18,11,19,4,10,0
2025021303,13,10,17,12,4,6,1
2025021303,17,17,9,20,4,2,0
2025021304,9,27,7,17,5,4,2
2025021304,10,28,13,22,3,6,0
2025021305,16,13,14,11,3,8,0
2025021305,28,26,10,15,8,6,1
2025021306,54,19,11,18,3,0,0
2025021306,55,22,15,12,4,4,0
2025021307,18,10,16,14,5,12,2
2025021307,24,16,11,12,5,6,1
2025021308,28,15,10,10,7,16,1
2025021308,52,10,7,15,4,8,0
2025021309,19,17,13,12,5,2,0
2025021309,68,17,11,15,2,4,0
2025021310,20,16,22,26,3,6,1
2025021310,26,12,17,12,6,8,0
2025021311,22,21,11,9,6,14,2
2025021311,23,14,19,15,2,18,0
2025021312,21,12,8,12,4,6,0
2025021312,55,22,19,17,6,10,0
